Date,TV_m,d_oil,d_ex,i,d_gold,DSI,covid,cov_DSI,r_wsale,r_retail,r_gas,r_indsmanu,r_agri,r_finan,r_estate,li_wsale,li_retail,li_gas,li_indsmanu,li_agri,li_finan,li_estate,tv_wsale,tv_retail,tv_gas,tv_indsmanu,tv_agri,tv_finan,tv_estate,me_wsale,me_retail,me_gas,me_indsmanu,me_agri,me_finan,me_estate,mtb_wsale,mtb_retail,mtb_gas,mtb_indsmanu,mtb_agri,mtb_finan,mtb_estate
1/31/2020,19.42093,-0.33000,5.50000,4.87000,"1,175,000",-1.60716,2,0.00201,-0.0083,-0.0162,0.01791,-0.01712,0.00412,-0.01537,-0.02126,0.00737,0.00416,0.00002,0.00490,0.00400,0.00238,0.00381,15.80473,15.12246,6.84588,17.58222,16.09026,18.18174,18.29651,29.51878,30.35938,27.77081,33.23738,30.74201,34.48794,34.51629,0.70103,1.41008,1.19991,0.97218,0.81686,0.91062,0.82946
2/3/2020,19.52518,-3.41000,2.50000,4.87000,"-350,000",-1.78083,6,0.25145,-0.0144,-0.0048,-0.00324,-0.01774,-0.05534,-0.01119,-0.02149,0.00576,0.00531,0.00001,0.00602,0.00417,0.00289,0.00348,15.55895,15.36631,6.36303,17.78779,16.13158,18.37593,18.20690,29.49693,30.33907,27.76487,33.22462,30.72081,34.49371,34.50162,0.69396,1.40936,1.19478,0.96117,0.77892,0.90198,0.81353
2/4/2020,19.12551,-1.16000,2.50000,4.89000,"-350,000",-1.97315,8,0.00201,-0.0104,0.0043,-0.00009,0.00047,-0.00267,0.01662,-0.00403,0.00726,0.00273,0.00000,0.00445,0.00230,0.00182,0.00237,15.78961,14.69923,3.91202,17.48509,15.53870,17.91136,17.82221,29.48519,30.32731,27.77270,33.20934,30.72137,34.51287,34.50086,0.68786,1.38960,1.19944,0.96044,0.79659,0.91495,0.81101
2/5/2020,19.11570,-0.20000,-5.00000,4.89000,"-500,000",-2.33182,8,0.00201,0.0044,0.0126,0.01508,-0.00234,-0.01895,0.00584,-0.00115,0.00420,0.00283,0.00000,0.00343,0.00165,0.00211,0.00252,15.24268,14.73459,2.30259,17.22650,15.20418,18.06218,17.88367,29.49130,30.34067,27.78118,33.18938,30.67661,34.50820,34.50157,0.69090,1.40332,1.21711,0.96051,0.76897,0.91725,0.80935
2/6/2020,19.22074,1.45000,2.50000,4.85000,"125,000",-2.10212,8,0.25145,0.0237,0.0169,-0.04560,0.01114,0.02351,0.01582,0.01451,0.00386,0.00285,0.00001,0.00358,0.00318,0.00258,0.00245,15.15957,14.74438,6.13123,17.26717,15.86476,18.26164,17.85686,29.51464,30.34702,27.72417,33.18844,30.74098,34.52497,34.50954,0.70455,1.41180,1.16158,0.97047,0.78727,0.93184,0.81916
2/7/2020,19.09457,-0.58000,0.00000,4.62000,"175,000",-1.74056,10,0.00201,0.0185,0.0161,-0.00070,0.00349,-0.00715,-0.00620,0.00632,0.00795,0.00318,0.00001,0.00348,0.00143,0.00215,0.00197,15.88039,14.85252,6.23441,17.24014,15.06803,18.07943,17.63747,29.53125,30.35244,27.72879,33.19397,30.74066,34.51708,34.51545,0.71801,1.41762,1.16400,0.97903,0.78298,0.92801,0.82355
2/10/2020,18.91196,-0.84000,5.00000,5.02000,"225,000",-1.90933,13,0.00402,0.0095,-0.0067,0.04481,-0.00374,-0.01715,-0.00792,-0.00368,0.00602,0.00335,0.01337,0.00296,0.00109,0.00165,0.00205,15.60323,14.90438,13.25926,17.07847,14.79603,17.81463,17.67841,29.54181,30.33526,27.76294,33.19352,30.73810,34.49469,34.50700,0.73184,1.40929,1.21056,0.97502,0.77501,0.91500,0.81945
2/11/2020,18.96954,0.30000,3.50000,4.35000,0,-1.94855,14,0.00402,-0.0041,-0.0121,-0.01724,0.00221,-0.00586,0.01027,0.00542,0.00405,0.00232,0.00001,0.00378,0.00111,0.00169,0.00205,15.20556,14.53725,5.66988,17.32355,14.81285,17.84319,17.67964,29.54271,30.33707,27.75277,33.18842,30.73641,34.51120,34.50778,0.73083,1.39689,1.19658,0.97641,0.76882,0.92371,0.82234
2/12/2020,19.30069,1.24000,0.00000,4.99000,0,-1.37779,15,0.00201,-0.0023,0.0004,-0.02245,0.00796,0.00686,0.00916,0.01229,0.00553,0.00372,0.00001,0.00395,0.00174,0.00324,0.00229,15.51804,15.00937,6.38012,17.36584,15.26432,18.49159,17.78981,29.54206,30.34133,27.73212,33.18451,30.74263,34.51676,34.50873,0.72895,1.39626,1.17793,0.98046,0.77076,0.93146,0.83310
2/13/2020,19.07961,1.00000,-6.00000,4.76000,"50,000",-1.18622,15,0.00402,0.0035,0.0188,-0.00447,0.00326,0.00591,0.00288,-0.00391,0.00592,0.00898,0.00001,0.00287,0.00127,0.00226,0.00192,15.58613,15.89090,6.17379,17.04582,14.94478,18.13239,17.61133,29.55417,30.35571,27.72693,33.19051,30.74002,34.51625,34.50929,0.72779,1.41825,1.16121,0.98614,0.77137,0.93268,0.83080
2/14/2020,19.17749,-0.82000,4.50000,4.67000,"180,000",-1.19846,16,0.00201,0.0046,0.0054,0.00748,-0.00076,0.01298,0.00750,-0.00444,0.00478,0.00983,0.00001,0.00325,0.00105,0.00268,0.00197,15.37152,15.98183,5.88610,17.17111,14.76098,18.30133,17.63893,29.55989,30.35706,27.74044,33.18786,30.74180,34.51929,34.50559,0.73193,1.42487,1.17248,0.98756,0.78213,0.93807,0.82888
2/17/2020,19.05800,0.93000,2.00000,4.86000,"-30,000",-1.41915,16,0.00201,-0.0030,0.0070,-0.05353,-0.00435,-0.00398,0.00315,0.00046,0.00420,0.00386,0.00000,0.00378,0.00556,0.00172,0.00195,15.24390,15.04686,3.91202,17.32340,16.42412,17.85828,17.62740,29.56040,30.35316,27.67781,33.17844,30.73466,34.52717,34.49537,0.73006,1.42336,1.10311,0.98785,0.77617,0.94227,0.82856
2/18/2020,19.12552,-0.10000,-2.50000,4.96000,0,-1.80681,16,0.00201,0.0014,0.0016,0.02096,0.00270,-0.00302,0.00113,0.00626,0.00534,0.00355,0.00000,0.00330,0.00114,0.00223,0.00249,15.48271,14.96274,5.29832,17.18688,14.84124,18.11988,17.87312,29.56610,30.34790,27.71063,33.15663,30.73539,34.52911,34.48034,0.72833,1.40881,1.13050,0.99528,0.77720,0.94379,0.83021
2/19/2020,19.11016,0.65000,7.50000,4.58000,"650,000",-1.54784,16,0.00201,0.0125,0.0083,0.00706,0.00240,-0.00734,0.00061,0.00775,0.00424,0.01188,0.00017,0.00288,0.00110,0.00156,0.00281,15.25252,16.17075,8.87066,17.04937,14.79899,17.76091,17.99279,29.57975,30.35841,27.71466,33.16077,30.73276,34.52709,34.48372,0.73584,1.39733,1.13609,0.99987,0.76333,0.94497,0.83485
2/20/2020,19.12807,1.90000,3.00000,5.04000,0,-0.93679,16,0.00201,-0.0084,0.0109,0.02206,0.00594,0.01151,0.00119,0.00895,0.00533,0.00525,0.00059,0.00419,0.00182,0.00167,0.00237,15.48200,15.35451,10.14447,17.42533,15.30870,17.83436,17.82169,29.56088,30.36306,27.72733,33.17063,30.73445,34.52892,34.50552,0.72757,1.40567,1.15287,1.00144,0.77370,0.94627,0.84260
2/21/2020,19.17411,-0.54000,2.50000,4.93000,"225,000",-0.27015,16,0.00201,-0.0007,-0.0121,-0.01342,-0.00174,-0.00542,-0.01016,-0.00264,0.00596,0.00659,0.00101,0.00280,0.00125,0.00251,0.00224,15.59309,15.58213,10.68052,17.02270,14.93473,18.23938,17.76739,29.55838,30.36727,27.72656,33.16640,30.73820,34.51523,34.50057,0.72369,1.37957,1.14625,0.99968,0.77447,0.93644,0.83988
2/24/2020,19.58072,-2.31000,0.00000,4.83000,"3,300,000",-0.23722,16,0.00201,-0.0184,-0.0219,0.00433,-0.01983,-0.03724,-0.03373,-0.03038,0.00668,0.00778,0.00003,0.00571,0.00331,0.00336,0.00376,15.70659,15.74816,7.01212,17.73485,15.90388,18.53206,18.28511,29.53514,30.34574,27.72989,33.14467,30.71734,34.46986,34.47163,0.71388,1.34678,1.15007,0.98047,0.76122,0.89997,0.81472
2/25/2020,19.30011,-0.15000,3.00000,4.72000,"-1,250,000",-0.33136,16,0.00201,-0.0035,-0.0032,0.02295,0.00413,0.00243,0.00935,0.00752,0.00775,0.00590,0.00125,0.00322,0.00433,0.00285,0.00239,15.85562,15.47027,10.88781,17.16143,16.17267,18.36586,17.83340,29.53388,30.34435,27.74306,33.15172,30.71962,34.49291,34.46780,0.71242,1.31475,1.16778,0.99035,0.75786,0.91004,0.82124
2/26/2020,19.00612,-1.22000,-3.00000,5.18000,"-200,000",-1.14127,16,0.00201,-0.0006,-0.0097,0.01356,-0.00349,-0.00326,-0.00793,-0.00893,0.00491,0.00318,0.00005,0.00183,0.00092,0.00238,0.00177,15.39865,14.85389,7.57044,16.59783,14.62273,18.18638,17.52948,29.53281,30.33177,27.75128,33.14500,30.71473,34.47834,34.45253,0.71749,1.28493,1.17896,0.99347,0.76580,0.89991,0.81203
2/27/2020,19.01601,-2.62000,-2.50000,4.36000,"-400,000",-1.38119,16,0.00201,0.0084,0.0045,-0.00760,0.00760,0.01164,0.01630,0.01116,0.00520,0.00719,0.00001,0.00225,0.00168,0.00212,0.00188,15.45569,15.66808,5.56068,16.80320,15.22632,18.07225,17.59350,29.54359,30.32470,27.74649,33.13897,30.71950,34.48337,34.45380,0.72274,1.25952,1.17244,1.00051,0.76871,0.91132,0.81915
2/28/2020,19.45039,-1.86000,-5.00000,4.22000,"-250,000",-1.11382,16,0.00201,-0.0035,0.0056,-0.01067,-0.00799,-0.00306,-0.01010,-0.01082,0.00744,0.00568,0.00012,0.00314,0.00308,0.00349,0.00300,15.81442,15.43277,8.56598,17.13649,15.83210,18.56926,18.05967,29.54150,30.32215,27.73624,33.10217,30.71903,34.46116,34.44727,0.71931,1.28472,1.15894,0.99661,0.77037,0.89664,0.81179
3/2/2020,19.41623,-5.71000,-2.50000,5.35000,"-550,000",-0.89410,16,0.00201,0.0071,0.0038,-0.02670,0.00134,-0.01599,0.01165,0.00364,0.00538,0.01383,0.00016,0.00334,0.00185,0.00395,0.00216,15.49019,16.32301,8.84937,17.19769,15.32108,18.70020,17.73129,29.55264,30.33243,27.71534,33.12074,30.71539,34.46280,34.44992,0.72475,1.30130,1.13425,1.00180,0.75211,0.90253,0.81405
3/3/2020,19.39416,7.93000,-5.50000,4.51000,"250,000",-1.39746,16,0.00201,0.0177,0.0018,0.02524,0.00667,0.02203,0.01135,0.01129,0.00732,0.00227,0.00000,0.00323,0.00226,0.00322,0.00346,15.79782,14.51370,4.60517,17.16453,15.52439,18.49660,18.20184,29.58018,30.34053,27.73767,33.12291,30.72150,34.47903,34.45195,0.74370,1.30332,1.15838,1.01256,0.77143,0.91101,0.82001
3/4/2020,19.49918,-0.69000,-2.50000,5.02000,"1,075,000",-1.29883,16,0.00201,0.0170,0.0095,-0.02147,0.00426,0.00561,0.01167,0.00512,0.00833,0.00197,0.00106,0.00311,0.00601,0.00352,0.00360,15.92800,14.37557,10.72261,17.12713,16.50087,18.58715,18.23962,29.59340,30.33561,27.72444,33.12074,30.72843,34.47678,34.45277,0.76335,1.30040,1.14067,1.02212,0.76178,0.91847,0.82153
3/5/2020,19.53015,-0.59000,-0.50000,4.90000,"-375,000",-0.92332,16,0.00201,-0.0073,-0.0063,0.02027,0.00110,-0.00244,-0.00172,0.00117,0.00580,0.00374,0.00044,0.00264,0.00274,0.00386,0.00343,15.56538,15.01526,9.84108,16.96492,15.71605,18.67898,18.19384,29.58906,30.33980,27.73277,33.12177,30.72478,34.48364,34.45523,0.75793,1.29516,1.15428,1.02910,0.76350,0.91851,0.82167
3/6/2020,19.26653,-2.01000,-3.00000,4.97000,0,-0.92865,16,0.00201,0.0132,0.0069,-0.01695,0.00594,0.00195,-0.00417,0.00365,0.00538,0.00327,0.00036,0.00354,0.00217,0.00220,0.00327,15.48996,14.88108,9.64601,17.25759,15.48286,18.11730,18.14525,29.60173,30.34105,27.72228,33.10636,30.72951,34.48591,34.45137,0.78020,1.27970,1.14030,1.02808,0.76187,0.91688,0.82186
3/9/2020,19.61470,-15.62000,-1.00000,4.93000,"1,075,000",-1.02144,30,0.00201,-0.0332,-0.0188,-0.00333,-0.03880,-0.04757,-0.05835,-0.04570,0.00651,0.02600,0.00002,0.00568,0.00281,0.00316,0.00380,15.68059,16.95415,6.93731,17.72984,15.73917,18.47932,18.29408,29.56891,30.29399,27.72040,33.05240,30.70110,34.41433,34.38581,0.78305,1.23463,1.13658,0.99951,0.74164,0.86371,0.78492
3/10/2020,19.51582,2.09000,-2.50000,4.08000,"-350,000",-1.32121,30,0.00402,0.0131,0.0088,-0.02189,0.00410,-0.00563,0.00751,0.00049,0.00822,0.00291,0.00000,0.00375,0.00203,0.00295,0.00379,15.91450,14.76275,4.49981,17.31478,15.41719,18.41057,18.29348,29.57968,30.30239,27.68587,33.05857,30.70085,34.41618,34.39027,0.80758,1.22990,1.10538,1.01025,0.72900,0.86561,0.78510
3/11/2020,19.66250,2.09000,4.00000,3.92000,"-275,000",-1.94094,31,0.51297,-0.0123,-0.0181,0.00319,-0.01619,-0.01595,-0.02338,-0.01904,0.00834,0.01538,0.00001,0.00448,0.00320,0.00317,0.00445,15.92909,16.42915,6.13123,17.49299,15.87050,18.48294,18.45315,29.55921,30.28903,27.68809,33.03069,30.69611,34.36710,34.37646,0.80395,1.20401,1.10579,0.99831,0.73235,0.83923,0.77085
3/12/2020,19.71182,-4.61000,-0.50000,4.50000,"-200,000",-2.11390,38,0.00402,-0.0302,-0.0377,-0.05542,-0.02658,-0.03248,-0.04475,-0.03547,0.00664,0.01310,0.00010,0.00576,0.00478,0.00338,0.00427,15.70085,16.26874,8.38023,17.74431,16.27249,18.54565,18.41234,29.53440,30.24622,27.62473,32.98358,30.67732,34.30154,34.32276,0.80472,1.14759,1.04366,0.97876,0.72689,0.80020,0.74271
3/13/2020,19.75438,-1.17000,7.50000,4.31000,"-750,000",-1.98777,39,0.55119,-0.0287,-0.0034,-0.05709,-0.01060,-0.02857,-0.00944,-0.01624,0.00830,0.00511,0.00017,0.00531,0.00427,0.00427,0.00390,15.92426,15.32786,8.87766,17.66164,16.16038,18.77938,18.32112,29.48547,30.22354,27.57313,32.97181,30.66744,34.28874,34.32096,0.74151,1.13956,0.98673,0.96595,0.69985,0.79036,0.73510
3/16/2020,19.51098,0.15000,5.50000,3.92000,"150,000",-2.26267,56,0.45664,0.0023,0.0028,0.02535,-0.00356,0.00487,-0.02499,-0.00882,0.00665,0.00135,0.00016,0.00480,0.00167,0.00258,0.00403,15.70256,13.99499,8.81730,17.56129,15.22062,18.27652,18.35476,29.49174,30.20711,27.61484,32.97968,30.66676,34.23640,34.31309,0.74834,1.12772,1.02162,0.96312,0.71384,0.76510,0.72671
3/17/2020,19.50092,-2.12000,2.50000,4.85000,"-550,000",-2.25893,61,0.45664,-0.0091,0.0246,0.04016,0.00826,0.00450,0.00793,0.01051,0.00518,0.00193,0.00000,0.00431,0.00266,0.00315,0.00397,15.45215,14.35272,4.60517,17.45452,15.68746,18.47709,18.33898,29.48769,30.22243,27.63743,32.95701,30.65428,34.25307,34.29130,0.73410,1.13828,1.05494,0.96288,0.70761,0.77285,0.73195
3/18/2020,19.39159,-1.74000,2.50000,3.61000,"250,000",-2.18197,66,0.60148,-0.0008,0.0271,0.01117,0.00825,0.02375,0.00680,0.00989,0.00698,0.00265,0.00003,0.00521,0.00240,0.00250,0.00338,15.75084,14.67114,7.27932,17.64384,15.58208,18.24413,18.17795,29.48240,30.23112,27.66730,32.95044,30.66161,34.26634,34.29255,0.70798,1.16811,1.07570,0.97006,0.72272,0.77970,0.73522
3/19/2020,19.61556,-2.56000,5.00000,4.69000,"-600,000",-2.20395,75,0.00603,-0.0267,-0.0167,-0.00738,-0.01631,-0.01802,-0.02389,-0.01491,0.00638,0.04124,0.00008,0.00416,0.00222,0.00159,0.00532,15.66032,17.41539,8.13153,17.41765,15.50355,17.79072,18.63070,29.44594,30.18737,27.63988,32.90731,30.65387,34.22920,34.27986,0.68029,1.14108,1.06036,0.95428,0.71850,0.75921,0.72485
3/20/2020,19.27566,2.08000,5.50000,4.53000,"725,000",-2.55514,85,0.48681,0.0050,-0.0068,0.03188,-0.00511,-0.00841,0.00181,-0.00957,0.00346,0.00972,0.00006,0.00484,0.00296,0.00177,0.00313,15.05005,15.97064,7.90839,17.57030,15.79422,17.90013,18.10144,29.44692,30.17898,27.68638,32.90043,30.64584,34.20435,34.22639,0.69178,1.13472,1.10194,0.95418,0.71378,0.75591,0.71698
3/23/2020,19.53829,-2.10000,3.50000,4.85000,"-125,000",-3.17544,113,0.00604,-0.0164,-0.0353,-0.01278,-0.04210,-0.03021,-0.05661,-0.04424,0.00544,0.00126,0.00001,0.00500,0.00415,0.00309,0.00394,15.50199,13.92652,5.76832,17.60272,16.13191,18.45591,18.33024,29.43016,30.12129,27.69148,32.83608,30.63534,34.13524,34.16381,0.70533,1.09082,1.10008,0.91054,0.71922,0.71438,0.68841
3/24/2020,19.35138,1.63000,0.50000,5.05000,0,-3.54354,123,0.04023,-0.0095,-0.0140,-0.01414,-0.00392,-0.00787,-0.00086,-0.00550,0.00455,0.00345,0.00001,0.00483,0.00209,0.00218,0.00340,15.32277,14.93398,5.82895,17.56761,15.44725,18.10662,18.18443,29.43525,30.09050,27.67563,32.83206,30.63167,34.14521,34.11089,0.72137,1.08334,1.09098,0.90151,0.71780,0.71712,0.68196
3/25/2020,19.43286,0.08000,-129.00000,3.65000,"875,000",-3.49636,134,0.51297,0.0338,0.0097,-0.01900,0.01450,0.00972,0.03555,0.01860,0.00481,0.01707,0.01753,0.00393,0.00169,0.00199,0.00354,15.37885,16.53313,13.53045,17.36028,15.23241,18.01918,18.22773,29.47610,30.12358,27.66829,32.85959,30.62208,34.19705,34.16599,0.75525,1.11454,1.07006,0.92030,0.71596,0.74437,0.69502
3/26/2020,19.22913,-0.91000,0.00000,2.85000,"175,000",-3.42099,141,0.07041,-0.0365,-0.0041,-0.00033,-0.00284,-0.03770,-0.02058,-0.01486,0.00354,0.00239,0.01982,0.00419,0.00153,0.00232,0.00291,15.07222,14.56812,13.65307,17.42637,15.13389,18.16842,18.03059,29.42034,30.10703,27.63543,32.86777,30.59474,34.19035,34.19445,0.68285,1.09500,1.04998,0.92335,0.69670,0.73386,0.68927
3/27/2020,19.33269,-2.02000,0.00000,4.97000,"600,000",-3.04378,153,0.00603,0.0001,0.0012,-0.03909,-0.00935,-0.00257,-0.01562,-0.00733,0.00368,0.00157,0.00000,0.00414,0.00257,0.00183,0.00411,15.11202,14.14463,5.13580,17.41369,15.65179,17.93332,18.37667,29.41393,30.10292,27.58790,32.87060,30.60094,34.18731,34.20821,0.69942,1.09781,1.00115,0.91769,0.71410,0.72356,0.68678
3/30/2020,19.25317,-1.81000,0.00000,4.36000,0,-3.33759,188,0.16093,-0.0253,-0.0401,0.02317,-0.02256,-0.03318,-0.04573,-0.03749,0.00460,0.00290,0.00004,0.00534,0.00306,0.00203,0.00250,15.33351,14.76091,7.46737,17.66728,15.82756,18.03747,17.87891,29.40251,30.07227,27.62942,32.82570,30.58553,34.12879,34.15084,0.70708,1.05390,1.02429,0.89186,0.70597,0.69129,0.66396
3/31/2020,19.37767,-0.27000,0.00000,4.44000,0,-3.45614,203,0.60148,-0.0110,0.0103,0.03585,-0.00346,-0.03200,-0.01385,-0.01142,0.00384,0.02528,0.00003,0.00437,0.00243,0.00184,0.00360,15.15225,16.92608,7.20042,17.46687,15.59677,17.93925,18.24444,29.37412,30.08533,27.64976,32.82998,30.57656,34.12459,34.15430,0.67419,1.06645,1.05554,0.89183,0.69066,0.68414,0.66140
4/1/2020,19.29756,3.03000,0.00000,5.14000,"-140,000",-2.73455,212,0.48681,0.0064,0.0282,-0.03827,0.01094,0.02890,0.03110,0.01957,0.00244,0.00504,0.00002,0.00259,0.00351,0.00180,0.00416,14.69887,15.31258,6.79122,16.94496,15.96305,17.91669,18.38791,29.38957,30.11362,27.60178,32.84397,30.60004,34.16751,34.17078,0.67945,1.08888,1.00875,0.90139,0.70286,0.70504,0.67121
4/3/2020,19.33542,3.23000,0.00000,4.04000,"-10,000",-1.89220,233,0.40233,0.0160,0.0142,0.00507,0.01805,0.01649,0.02315,0.02114,0.00594,0.00624,0.00000,0.00359,0.00719,0.00170,0.00320,15.58962,15.52669,2.99573,17.26970,16.67973,17.86052,18.12559,29.40563,30.13769,27.60639,32.85827,30.59463,34.19634,34.21333,0.68379,1.10461,1.00868,0.91492,0.68655,0.72215,0.68226
4/6/2020,19.71559,3.36000,0.00000,3.66000,"-50,000",-0.78689,241,0.40233,0.0412,0.0152,-0.00145,0.02496,0.03626,0.04793,0.03110,0.01999,0.02739,0.00001,0.00471,0.00533,0.00275,0.00493,16.80323,17.00619,5.63479,17.54199,16.38098,18.33967,18.55755,29.44642,30.17152,27.60271,32.90597,30.63149,34.25133,34.27039,0.72022,1.13793,1.01014,0.93503,0.71210,0.75619,0.70247
4/7/2020,19.57391,1.25000,0.00000,4.06000,"100,000",-0.27100,245,0.40233,0.0033,-0.0093,0.00227,0.00514,0.03632,0.00285,0.00746,0.00441,0.01344,0.00003,0.00379,0.00379,0.00254,0.00467,15.29184,16.29403,7.01212,17.32626,16.04089,18.26082,18.50422,29.44517,30.18016,27.60241,32.92458,30.64678,34.25894,34.29719,0.71883,1.12554,1.01682,0.94609,0.72774,0.76156,0.71025
4/8/2020,19.33818,-1.24000,0.00000,4.17000,"-100,000",-0.53935,249,0.25145,0.0060,0.0062,0.05535,0.00103,0.01862,-0.00276,0.00244,0.00401,0.00392,0.00000,0.00296,0.00284,0.00159,0.00372,15.19688,15.06295,5.07517,17.07753,15.75130,17.79451,18.27788,29.44918,30.19053,27.64708,32.92336,30.64802,34.25657,34.30318,0.72475,1.11647,1.06919,0.94604,0.72666,0.76063,0.71139
4/9/2020,19.53298,1.08000,0.00000,4.61000,0,-0.16150,251,0.40233,0.0142,0.0114,0.04599,0.00784,0.01296,0.01458,0.01502,0.01172,0.01063,0.00001,0.00393,0.00225,0.00207,0.00454,16.26988,16.05931,6.04025,17.36115,15.51915,18.05378,18.47536,29.46411,30.19718,27.69143,32.93492,30.64904,34.27543,34.31119,0.73295,1.13530,1.11986,0.95759,0.73989,0.77112,0.71941
4/10/2020,19.72875,-1.87000,0.00000,4.50000,0,0.57603,255,0.25145,-0.0066,-0.0210,0.00000,0.00676,-0.00162,-0.00226,0.00330,0.00446,0.01860,0.00000,0.00336,0.01221,0.00181,0.00722,15.30384,16.61914,3.91202,17.20433,17.21023,17.92391,18.94092,29.45726,30.19323,27.69143,32.94480,30.64456,34.26540,34.29853,0.72915,1.13764,1.11986,0.96583,0.72954,0.76607,0.71980
4/13/2020,19.24723,1.20000,0.00000,4.60000,0,1.13272,262,0.33594,0.0046,0.0126,0.01610,0.00532,0.01332,0.01155,0.00942,0.00332,0.00650,0.00000,0.00331,0.00210,0.00174,0.00285,15.00887,15.56781,3.68888,17.18940,15.45127,17.88181,18.01139,29.46894,30.20545,27.70110,32.95398,30.64601,34.27649,34.31027,0.73487,1.15808,1.13846,0.96845,0.74169,0.77263,0.72560
4/14/2020,19.45877,-1.35000,0.00000,4.44000,"700,000",1.31515,265,0.00402,0.0152,-0.0069,-0.04260,0.00096,0.01129,-0.00035,0.00007,0.00387,0.00785,0.00000,0.00442,0.00211,0.00219,0.00358,15.16273,15.75678,5.07517,17.47816,15.45338,18.11361,18.23869,29.48793,30.19734,27.65785,32.96834,30.64415,34.27169,34.31174,0.74915,1.13587,1.08831,0.96579,0.74201,0.77068,0.72478
4/15/2020,19.50812,-1.80000,0.00000,4.56000,0,1.45511,266,0.00402,0.0126,0.0041,0.00133,0.01448,0.00594,0.02030,0.01193,0.00564,0.01350,0.00000,0.00482,0.00417,0.00215,0.00416,15.53858,16.29890,4.70048,17.56628,16.13449,18.09544,18.38916,29.50003,30.19785,27.65864,33.00736,30.65460,34.29384,34.31665,0.75694,1.13616,1.08929,0.98137,0.73030,0.78689,0.73303
4/16/2020,19.35332,-1.37000,0.00000,4.85000,"-275,000",1.58774,267,0.00402,0.0045,0.0021,0.04534,0.00167,-0.01144,0.00195,0.01011,0.00576,0.01037,0.00000,0.00343,0.00179,0.00179,0.00376,15.55989,16.03466,4.78749,17.22568,15.28940,17.91081,18.28754,29.49468,30.23542,27.68573,33.02471,30.65368,34.29556,34.32071,0.75128,1.14967,1.13201,0.98814,0.73236,0.78739,0.73876
4/17/2020,19.53614,-0.18000,0.00000,4.07000,"-75,000",2.16361,268,0.00201,0.0253,0.0100,0.00672,0.01649,0.01416,0.01887,0.01827,0.00479,0.00701,0.00001,0.00435,0.00218,0.00205,0.00466,15.39983,15.64368,5.39363,17.46369,15.48760,18.05134,18.50348,29.53397,30.25327,27.68904,33.05904,30.65564,34.30314,34.33501,0.76952,1.17223,1.13687,1.00703,0.73813,0.79764,0.75140
4/20/2020,19.69701,-0.74000,0.00000,4.10000,"-100,000",3.31065,268,0.00201,0.0186,0.0254,-0.01942,0.01129,0.00790,-0.00268,0.01133,0.00668,0.00657,0.00000,0.00473,0.00905,0.00228,0.00488,15.73326,15.57789,3.40120,17.54610,16.91057,18.15431,18.54801,29.54343,30.27182,27.67695,33.09940,30.65337,34.29823,34.33605,0.77904,1.21720,1.11320,1.02508,0.72504,0.79423,0.75748
4/21/2020,19.84534,1.00000,0.00000,4.59000,"-25,000",3.43000,268,0.00201,-0.0330,-0.0024,-0.00322,-0.02143,0.00348,-0.03712,-0.02633,0.00609,0.02896,0.00000,0.00611,0.00495,0.00262,0.00572,15.64020,17.06197,4.94164,17.80292,16.30720,18.29326,18.70755,29.49874,30.24177,27.67512,33.05893,30.64388,34.25866,34.30576,0.74202,1.20176,1.10782,0.99753,0.73717,0.76711,0.73751
4/22/2020,19.40234,-9.88000,0.00000,4.15000,0,3.22290,268,0.00201,0.0064,0.0207,-0.02038,0.01047,0.00827,0.01137,0.00620,0.00354,0.00599,0.00000,0.00391,0.00351,0.00198,0.00348,15.09748,15.48683,4.38203,17.35734,15.96277,18.01527,18.20947,29.50480,30.26559,27.66184,33.08479,30.64757,34.26633,34.29294,0.74413,1.22538,1.09114,1.00952,0.73548,0.77422,0.73894
4/23/2020,19.18792,2.23000,0.00000,3.79000,"300,000",2.28816,268,0.00201,0.0035,0.0036,0.01149,0.01125,0.00312,-0.00135,0.00085,0.00290,0.00616,0.00000,0.00331,0.00144,0.00122,0.00326,14.89692,15.51475,3.40120,17.19062,15.07277,17.53402,18.14530,29.51035,30.28816,27.66889,33.11263,30.64740,34.26528,34.30244,0.75204,1.23378,1.09997,1.02258,0.73536,0.77286,0.74144
4/24/2020,19.42822,0.93000,0.00000,4.78000,"50,000",1.54884,268,0.25145,0.0043,0.0197,0.01223,0.00218,0.00147,-0.00128,0.00436,0.00276,0.01540,0.00064,0.00603,0.00581,0.00154,0.00323,14.84974,16.43029,10.21647,17.78978,16.46772,17.76457,18.13666,29.51915,30.29304,27.64914,33.11556,30.66250,34.26464,34.29728,0.76261,1.23987,1.10355,1.02336,0.73862,0.77228,0.74224
4/27/2020,19.55499,-0.91000,0.00000,4.67000,"250,000",1.63972,270,0.00201,-0.0016,0.0022,0.00759,0.00645,0.00112,-0.00699,0.01155,0.00256,0.01482,0.00089,0.00485,0.00315,0.00208,0.00408,14.77546,16.39177,10.55425,17.57092,15.85434,18.06243,18.37092,29.52572,30.29701,27.67736,33.11354,30.67441,34.24677,34.29407,0.75639,1.22453,1.11466,1.03037,0.72768,0.76639,0.74913
4/28/2020,19.19307,-1.82000,0.00000,3.83000,"-200,000",1.53204,270,0.00201,0.0092,0.0064,-0.02262,-0.00305,-0.00103,-0.00074,-0.00218,0.00231,0.00702,0.00006,0.00354,0.00202,0.00134,0.00296,14.66903,15.64423,7.84385,17.25607,15.41134,17.62490,18.05025,29.54084,30.30509,27.66255,33.07853,30.68202,34.24900,34.29192,0.75888,1.23294,1.09602,1.02059,0.71699,0.76513,0.74812
4/29/2020,19.30464,0.00000,0.00000,4.19000,"125,000",1.20081,270,0.00201,0.0073,0.0100,0.00591,0.00835,0.01771,0.00614,0.00252,0.00867,0.00744,0.00001,0.00428,0.00323,0.00184,0.00280,15.99379,15.70269,5.39363,17.44631,15.88173,17.94074,17.99247,29.54436,30.31240,27.65972,33.06135,30.67766,34.25940,34.29058,0.76632,1.24999,1.09717,1.02111,0.73254,0.76983,0.75033
5/4/2020,19.62102,6.58000,0.00000,4.46000,"-250,000",0.98847,271,0.00201,-0.0088,-0.0228,0.00000,-0.00581,0.01908,-0.01238,-0.00551,0.00560,0.00818,0.00001,0.00551,0.01284,0.00195,0.00490,15.55705,15.79772,5.76832,17.69890,17.25993,17.99941,18.55173,29.53115,30.28200,27.65972,33.03200,30.67587,34.25114,34.29234,0.75590,1.22780,1.09717,1.01961,0.74679,0.75962,0.74769
5/5/2020,19.27408,2.47000,0.00000,4.22000,"25,000",0.77649,271,0.00201,-0.0050,0.0037,0.00000,0.00287,0.00562,0.00608,0.00804,0.00453,0.01206,0.00000,0.00395,0.00235,0.00197,0.00279,15.34477,16.18564,2.99573,17.36584,15.56053,18.00910,17.99019,29.53342,30.30545,27.65972,33.02374,30.68185,34.24917,34.29037,0.74677,1.22723,1.09717,1.02068,0.74929,0.76398,0.75038
5/6/2020,19.37594,2.73000,0.00000,3.56000,"25,000",0.86345,271,0.00201,0.0063,0.0148,-0.01235,0.00700,0.00438,0.00962,0.01418,0.00688,0.00735,0.00105,0.00454,0.00212,0.00214,0.00332,15.76280,15.69120,10.71286,17.50618,15.45718,18.09004,18.16169,29.53889,30.31357,27.65181,33.05412,30.68589,34.26419,34.32106,0.73709,1.23522,1.08736,1.03512,0.75255,0.77130,0.76268
5/7/2020,19.31248,-1.12000,0.00000,4.06000,"-100,000",1.02220,271,0.22128,-0.0047,0.0145,0.00000,0.00693,0.00366,0.01499,0.00549,0.00405,0.00640,0.00000,0.00493,0.00179,0.00202,0.00294,15.23152,15.55162,5.29832,17.58816,15.28787,18.03432,18.04139,29.54191,30.32904,27.65181,33.09862,30.67807,34.28929,34.32852,0.74891,1.25720,1.08736,1.04093,0.75198,0.78491,0.76570
5/8/2020,19.75299,0.02000,0.00000,4.02000,0,1.26318,288,0.00201,0.0176,-0.0021,0.01754,-0.00204,0.00369,0.01790,0.00345,0.00739,0.01189,0.00001,0.00595,0.00352,0.00359,0.00415,15.83418,16.17180,6.19441,17.77803,15.96705,18.60841,18.38481,29.55838,30.32950,27.66266,33.10671,30.68485,34.32591,34.35088,0.78116,1.26213,1.10694,1.04407,0.74705,0.80143,0.76919
5/11/2020,19.58451,0.00000,0.00000,4.43000,"75,000",1.31363,288,0.00201,0.0128,-0.0089,-0.00379,-0.00085,0.02546,0.02071,0.00740,0.00498,0.00642,0.00000,0.00457,0.00834,0.00273,0.00351,15.43992,15.55510,2.99573,17.51472,16.82854,18.34416,18.21880,29.56033,30.31934,27.65604,33.11444,30.74102,34.35287,34.36488,0.77651,1.24541,1.10182,1.04429,0.77122,0.81619,0.77437
5/12/2020,19.57879,0.00000,0.00000,4.65000,"-50,000",1.15812,288,0.00201,0.0158,0.0020,-0.01533,0.01348,0.02483,0.01311,0.00769,0.00802,0.00472,0.00001,0.00587,0.00461,0.00250,0.00357,15.91563,15.24709,6.10925,17.76529,16.23493,18.25676,18.23598,29.57131,30.32224,27.64220,33.12067,30.75666,34.36428,34.36159,0.79318,1.26786,1.08787,1.05207,0.79405,0.82631,0.77812
5/13/2020,19.72003,-0.35000,0.00000,3.98000,"175,000",1.88875,288,0.00201,0.0189,0.0154,0.02504,0.01003,-0.00525,-0.00161,0.00791,0.00638,0.00953,0.00000,0.00671,0.00304,0.00271,0.00475,15.68716,15.95068,4.38203,17.89914,15.82035,18.33681,18.52112,29.58901,30.32587,27.66156,33.12354,30.75715,34.37159,34.34616,0.80232,1.28214,1.10869,1.05640,0.77966,0.82761,0.77997
5/14/2020,19.65823,-0.37000,0.00000,4.60000,"125,000",2.06263,288,0.28565,0.0039,0.0022,-0.01990,-0.00117,0.00439,0.00722,0.00042,0.00823,0.00797,0.00003,0.00578,0.00800,0.00293,0.00404,15.94148,15.77227,7.13887,17.74958,16.78688,18.41606,18.35920,29.59376,30.33739,27.64890,33.12205,30.75439,34.37054,34.34441,0.79867,1.27839,1.09299,1.04625,0.78570,0.83091,0.77631
5/15/2020,19.75387,2.14000,0.00000,4.02000,"175,000",1.60752,312,0.25145,-0.0146,-0.0085,0.00000,-0.00398,-0.01343,-0.00864,-0.00441,0.00568,0.00622,0.00001,0.00629,0.00417,0.00393,0.00346,15.57056,15.52356,5.94017,17.83481,16.13666,18.70953,18.20546,29.57225,30.32707,27.64890,33.11524,30.77788,34.35822,34.35063,0.77458,1.25951,1.09299,1.04257,0.78864,0.82237,0.77527
5/18/2020,19.35927,2.47000,0.00000,3.84000,"425,000",1.21505,320,0.40233,0.0070,-0.0002,0.02094,0.00643,0.01464,0.00690,0.00574,0.00518,0.00760,0.00000,0.00627,0.00185,0.00189,0.00289,15.47899,15.72424,3.91202,17.83020,15.32191,17.97749,18.02329,29.58025,30.33495,27.66135,33.13130,30.76941,34.37779,34.35324,0.79263,1.25782,1.10781,1.04746,0.79375,0.83029,0.77924
5/19/2020,19.64676,0.99000,0.00000,4.62000,"-125,000",1.21962,324,0.00201,0.0025,0.0056,-0.02103,0.00435,-0.00868,0.01302,0.00212,0.00604,0.00610,0.00001,0.00766,0.00264,0.00276,0.00379,15.63194,15.50494,5.70378,18.03066,15.67894,18.35468,18.29567,29.58582,30.33797,27.64774,33.13833,30.75935,34.38927,34.36135,0.79600,1.26482,1.08269,1.04985,0.78421,0.83909,0.78389
5/20/2020,19.42532,-0.23000,0.00000,3.60000,"50,000",1.39647,324,0.00201,-0.0008,0.0189,0.02512,-0.00023,0.00881,-0.00318,0.00315,0.00426,0.00803,0.00002,0.00538,0.00422,0.00207,0.00335,15.28324,15.77930,6.53669,17.67851,16.14684,18.06826,18.17214,29.58578,30.34484,27.67617,33.14124,30.77929,34.38910,34.38045,0.78319,1.28667,1.10885,1.04935,0.78979,0.83673,0.78673
5/21/2020,19.72467,1.48000,0.00000,3.70000,"-75,000",1.33877,324,0.00201,0.0160,0.0070,0.00000,-0.00060,0.00684,0.00405,0.00446,0.00620,0.00718,0.00000,0.00685,0.00295,0.00288,0.00559,15.65774,15.66719,2.30259,17.91855,15.78910,18.39631,18.68356,29.60399,30.35397,27.67617,33.15038,30.79922,34.40699,34.38977,0.80518,1.29520,1.10885,1.05037,0.81015,0.84403,0.79056
5/22/2020,19.54774,-0.73000,0.00000,4.04000,"-100,000",1.46206,324,0.00201,-0.0013,-0.0169,0.00444,0.00120,-0.00484,-0.00470,-0.00882,0.00685,0.00592,0.00000,0.00663,0.00231,0.00271,0.00342,15.75781,15.47415,2.30259,17.88650,15.54406,18.33625,18.19223,29.60335,30.35793,27.68395,33.15026,30.79431,34.39619,34.37388,0.79895,1.27372,1.11500,1.04831,0.80798,0.83692,0.78289
5/25/2020,19.55929,-0.43000,0.00000,3.18000,0,1.50059,325,0.00402,0.0009,0.0057,0.00000,0.00807,-0.00305,0.00768,0.01240,0.00709,0.00644,0.00008,0.00648,0.00248,0.00225,0.00383,15.79309,15.55824,8.12563,17.86400,15.61529,18.15236,18.30397,29.59966,30.38041,27.68395,33.15587,30.78709,34.40148,34.38339,0.79338,1.28367,1.11500,1.05317,0.79102,0.84247,0.79269
5/26/2020,19.67328,1.06000,0.00000,4.00000,"75,000",1.64059,326,0.00402,-0.0012,0.0188,0.02078,0.01032,0.01056,0.01544,0.01534,0.00699,0.00485,0.00004,0.00673,0.00748,0.00249,0.00479,15.77788,15.27452,7.39018,17.90116,16.71954,18.25252,18.52793,29.59800,30.40437,27.69611,33.16896,30.79444,34.42416,34.38748,0.78895,1.30315,1.13826,1.06389,0.80293,0.85817,0.80390
5/27/2020,19.84909,-0.14000,0.00000,4.53000,"-150,000",1.61477,327,0.00201,-0.0059,-0.0099,0.00313,-0.00239,-0.01005,-0.01166,-0.00520,0.01640,0.00829,0.00001,0.00773,0.00388,0.00328,0.00508,16.63133,15.81082,5.48064,18.04048,16.06459,18.52703,18.58669,29.58666,30.39661,27.69804,33.15881,30.78778,34.40480,34.37568,0.78279,1.29106,1.14198,1.06235,0.79830,0.84595,0.79631
5/28/2020,19.55932,-0.44000,0.00000,4.55000,0,1.33843,327,0.00201,0.0141,-0.0052,-0.01523,0.00273,0.00714,0.00571,0.00032,0.01049,0.00473,0.00000,0.00610,0.00679,0.00220,0.00407,16.18459,15.25035,4.78749,17.80138,16.62307,18.13058,18.36638,29.60549,30.38867,27.68821,33.15627,30.79224,34.41703,34.38159,0.80474,1.27697,1.13176,1.06231,0.80129,0.85179,0.79780
5/29/2020,19.55543,-0.25000,0.00000,3.82000,"15,000",0.94030,327,0.00402,0.0052,0.0133,0.01681,0.00543,0.01432,0.00290,0.00772,0.01304,0.00501,0.00002,0.00810,0.00581,0.00179,0.00412,16.40203,15.30797,6.97541,18.08431,16.46785,17.92111,18.37876,29.61529,30.39429,27.69804,33.16167,30.84853,34.41724,34.39106,0.80660,1.29441,1.14198,1.06207,0.81667,0.85393,0.80412
6/1/2020,19.98645,2.49000,0.00000,4.44000,"260,000",1.08776,328,0.00201,0.0182,0.0051,-0.01993,0.00994,0.03012,0.02166,0.01907,0.01164,0.01381,0.00003,0.00744,0.00920,0.00359,0.00764,16.28841,16.32171,7.25841,17.99985,16.92740,18.61823,18.99681,29.62473,30.39303,27.65914,33.16913,30.88985,34.44486,34.40672,0.81437,1.29871,1.11342,1.06778,0.83574,0.87248,0.81762
6/2/2020,20.04129,0.90000,0.00000,4.48000,"-175,000",1.22384,328,0.00201,-0.0169,0.0060,0.00000,0.00007,-0.01373,-0.00417,-0.00251,0.01399,0.00697,0.00000,0.00839,0.01055,0.00334,0.00798,16.47219,15.63799,2.99573,18.11921,17.06359,18.54744,19.04099,29.60482,30.39588,27.65914,33.17505,30.84627,34.43929,34.39560,0.80067,1.30961,1.11342,1.07140,0.81749,0.86760,0.81203
6/3/2020,19.73044,1.68000,0.00000,4.20000,"45,000",0.99104,328,0.00201,-0.0115,-0.0001,0.00000,-0.00061,0.00749,0.00988,0.00158,0.01728,0.00561,0.00000,0.00545,0.00946,0.00223,0.00637,16.68344,15.42107,4.86753,17.68874,16.95496,18.14033,18.81516,29.60222,30.38433,27.65914,33.16739,30.85783,34.45506,34.39873,0.78887,1.30117,1.11342,1.07166,0.81936,0.87761,0.81335
6/4/2020,19.92428,-0.85000,0.00000,3.93000,"-100,000",1.38708,328,0.00201,0.0141,-0.0007,-0.00835,0.00613,0.01738,0.01475,0.00949,0.01485,0.01427,0.00002,0.00658,0.01438,0.00283,0.00694,16.53203,16.35430,6.92756,17.87619,17.37367,18.37977,18.90072,29.61979,30.40019,27.65481,33.16408,30.87081,34.46453,34.39702,0.79615,1.30365,1.10711,1.07514,0.82584,0.88788,0.81734
6/5/2020,20.01399,1.98000,0.00000,3.33000,"55,000",1.81376,328,0.00201,0.0117,0.0257,-0.00461,0.01125,0.02717,0.00668,0.01135,0.01030,0.01744,0.00020,0.00806,0.00720,0.00242,0.00984,16.16597,16.55505,9.07223,18.07981,16.68173,18.22515,19.25026,29.63505,30.41149,27.65178,33.17102,30.89486,34.46751,34.39541,0.79778,1.32528,1.10153,1.08170,0.82608,0.89301,0.82296
6/8/2020,20.15340,1.57000,0.00000,3.85000,"-165,000",2.28233,331,0.00402,0.0168,0.0189,0.00357,0.01254,0.04343,0.02151,0.01613,0.02230,0.01365,0.00065,0.00940,0.00901,0.00359,0.00860,16.93857,16.30981,10.23099,18.23386,16.90655,18.61839,19.11590,29.65133,30.42887,27.65409,33.19056,30.92256,34.48279,34.40581,0.80431,1.35705,1.10193,1.09326,0.84520,0.90908,0.83049
6/9/2020,20.03237,0.00000,0.00000,4.27000,"-915,000",2.54123,332,0.00201,0.0151,-0.0164,0.00238,0.01129,0.02218,-0.00151,0.00714,0.02653,0.01429,0.00015,0.00849,0.01388,0.00260,0.00750,17.11227,16.35541,8.79936,18.13132,17.33841,18.29507,18.97897,29.65534,30.42565,27.65567,33.17882,30.93853,34.47855,34.40360,0.79247,1.34740,1.10390,1.10005,0.85995,0.90749,0.83211
6/10/2020,20.16193,-2.07000,0.00000,4.12000,"1,025,000",2.75059,332,0.00201,0.0197,-0.0091,0.00077,0.00554,0.02381,0.01747,0.01689,0.01795,0.01163,0.00011,0.00766,0.00810,0.00379,0.01040,16.72141,16.14954,8.43381,18.02893,16.79968,18.67246,19.30596,29.67974,30.42262,27.65939,33.17649,30.95827,34.48564,34.40466,0.80261,1.34183,1.10603,1.10069,0.87988,0.91866,0.84123
6/11/2020,20.38290,-2.45000,0.00000,3.23000,"80,000",2.81805,332,0.00201,-0.0266,-0.0283,-0.00238,-0.02015,-0.01634,-0.03716,-0.02144,0.03238,0.01417,0.00007,0.01220,0.01115,0.00435,0.01170,17.31972,16.34740,8.01301,18.49396,17.11941,18.81056,19.42384,29.65748,30.39192,27.65781,33.15178,30.92171,34.44280,34.37887,0.76617,1.29109,1.10407,1.08210,0.87756,0.88370,0.82094
6/12/2020,20.26117,-0.37000,0.00000,3.24000,"-80,000",2.44587,332,0.00402,-0.0095,-0.0081,0.01653,-0.00967,-0.02386,-0.00506,-0.00028,0.01890,0.01097,0.00005,0.00868,0.00938,0.00368,0.01247,16.78129,16.09112,7.71869,18.15432,16.94624,18.64430,19.48721,29.65788,30.39066,27.67662,33.14097,30.88872,34.44579,34.37052,0.75989,1.27976,1.12206,1.06907,0.85780,0.88171,0.81788
6/15/2020,20.04238,1.83000,0.00000,3.15000,"35,000",1.34246,334,0.00201,-0.0132,-0.0200,-0.01515,-0.01357,-0.01099,-0.03296,-0.01924,0.02993,0.00707,0.00002,0.00856,0.00580,0.00347,0.00734,17.24107,15.65123,6.92756,18.13949,16.46642,18.58490,18.95767,29.64092,30.36486,27.65028,33.10829,30.86287,34.40306,34.32999,0.76363,1.24353,1.10157,1.05754,0.84840,0.85117,0.79863
6/16/2020,19.80235,0.88000,0.00000,3.45000,"-55,000",1.14844,334,0.00201,0.0144,0.0279,0.01561,0.00917,0.02776,0.01989,0.01097,0.01592,0.00695,0.00007,0.00562,0.00681,0.00240,0.00739,16.60966,15.63484,8.04559,17.71950,16.62640,18.21659,18.96360,29.65279,30.38216,27.67349,33.11906,30.88640,34.42487,34.37692,0.77400,1.27122,1.12670,1.06544,0.87394,0.86799,0.81058
6/17/2020,19.73364,-0.14000,0.00000,3.69000,"-70,000",1.19449,334,0.00402,-0.0076,0.0234,-0.02059,0.00133,-0.00988,-0.00936,-0.00241,0.01547,0.01401,0.00001,0.00606,0.00306,0.00225,0.00585,16.58096,16.33607,6.13123,17.79481,15.82711,18.15114,18.73128,29.64320,30.38966,27.63765,33.12169,30.87961,34.41869,34.37531,0.77005,1.28965,1.09903,1.06716,0.86895,0.86048,0.81055
6/18/2020,19.48355,0.93000,0.00000,3.26000,0,0.90894,335,0.51297,-0.0089,0.0008,0.01516,0.00419,-0.01461,-0.00375,0.00298,0.02615,0.00705,0.00002,0.00605,0.00271,0.00161,0.00364,17.10591,15.64835,6.93731,17.79346,15.70499,17.81509,18.25498,29.64247,30.40901,27.64777,33.12762,30.86729,34.42072,34.37565,0.76449,1.29793,1.11510,1.07203,0.86148,0.85879,0.81373
6/19/2020,19.83268,0.48000,0.00000,3.40000,"170,000",1.01579,342,0.51297,-0.0029,0.0232,0.00000,0.00865,0.02694,0.02139,0.01684,0.01324,0.00662,0.00012,0.00547,0.00800,0.00181,0.00823,16.42551,15.58611,8.57923,17.69267,16.78761,17.93411,19.07222,29.63492,30.43501,27.64777,33.13774,30.89213,34.43658,34.40331,0.74189,1.32319,1.11510,1.07769,0.88899,0.87613,0.82525
6/22/2020,19.76716,1.09000,0.00000,4.07000,"100,000",1.39526,349,0.00201,0.0105,0.0027,0.01756,0.00082,0.00044,-0.00493,0.00594,0.01366,0.00752,0.00001,0.00575,0.00580,0.00199,0.00704,16.45696,15.71424,5.99146,17.74203,16.46634,18.02944,18.91600,29.64354,30.42365,27.67355,33.13745,30.88812,34.43552,34.41040,0.73769,1.32262,1.13727,1.07706,0.86954,0.87206,0.82935
6/23/2020,19.96753,-0.40000,0.00000,4.14000,"50,000",1.61142,349,0.00201,0.0125,-0.0105,-0.00251,-0.00470,-0.00493,0.01702,0.00564,0.02301,0.00837,0.00005,0.00941,0.00493,0.00231,0.00828,16.97821,15.82087,7.69621,18.23433,16.30241,18.17896,19.07831,29.65654,30.40993,27.67223,33.12929,30.90364,34.43423,34.39861,0.75769,1.30877,1.13406,1.07375,0.85785,0.88112,0.83314
6/24/2020,19.79960,-2.37000,0.00000,4.53000,"205,000",1.39735,349,0.33594,-0.0172,-0.0106,0.00000,-0.00679,-0.01489,-0.00164,-0.00962,0.01655,0.00646,0.00000,0.00616,0.00601,0.00224,0.00745,16.64867,15.56138,,17.81110,16.50146,18.14691,18.97382,29.64408,30.39580,27.67223,33.11712,30.89081,34.42146,34.39094,0.74570,1.29191,1.13406,1.07019,0.86251,0.87690,0.82620
6/25/2020,19.69656,1.21000,0.00000,4.30000,"-20,000",0.65893,352,0.00201,-0.0160,-0.0046,0.00853,-0.00215,-0.00154,-0.00095,0.00037,0.02225,0.00400,0.00003,0.00851,0.00400,0.00229,0.00514,16.94435,15.08320,7.04752,18.13528,16.09518,18.16902,18.60192,29.63297,30.38455,27.69792,33.11777,30.89005,34.41356,34.38435,0.73491,1.28455,1.14582,1.06466,0.87164,0.87471,0.82411
6/26/2020,19.52687,-0.76000,0.00000,3.38000,"-5,000",-0.21139,352,0.00402,-0.0057,-0.0039,0.00000,-0.00287,-0.01464,-0.00634,-0.00837,0.00826,0.00569,0.00000,0.00580,0.00497,0.00144,0.00546,15.95352,15.43432,,17.75281,16.31153,17.70862,18.66229,29.62256,30.38287,27.69792,33.12984,30.87631,34.40958,34.37856,0.73942,1.27821,1.14582,1.06625,0.86284,0.86949,0.82037
6/29/2020,19.72195,-1.37000,0.00000,3.64000,"160,000",-0.94019,355,0.00201,-0.0305,-0.0200,-0.00837,-0.02270,-0.03854,-0.03117,-0.02918,0.01021,0.00875,0.00001,0.00599,0.00462,0.00228,0.00602,16.16553,15.86450,5.48064,17.78347,16.23910,18.16600,18.76033,29.58370,30.37756,27.68739,33.10388,30.87681,34.38025,34.35442,0.72101,1.25437,1.13875,1.04791,0.83401,0.84397,0.79847
6/30/2020,19.73528,1.80000,0.00000,3.69000,"-20,000",-1.38614,355,0.00201,0.0021,-0.0069,0.00223,-0.00068,-0.02185,-0.00990,-0.01013,0.01994,0.01745,0.00005,0.00721,0.00373,0.00189,0.00580,16.83328,16.55512,7.60090,17.96890,16.02497,17.97707,18.72250,29.58164,30.36367,27.69758,33.09541,30.86919,34.36692,34.35677,0.71899,1.24328,1.14258,1.04708,0.81129,0.83575,0.79597
7/1/2020,19.53298,0.00000,0.00000,4.09000,"195,000",-1.01502,355,0.00201,0.0159,0.0286,-0.02106,0.01514,0.00009,0.02401,0.01856,0.01176,0.00544,0.00003,0.00454,0.00450,0.00171,0.00506,16.30550,15.38908,7.06476,17.50608,16.21110,17.87495,18.58597,29.60661,30.39172,27.65997,33.12172,30.87523,34.39409,34.37699,0.72450,1.27468,1.11286,1.05974,0.81159,0.85404,0.80860
7/2/2020,19.23259,1.62000,0.00000,4.03000,"70,000",-0.88746,355,0.00201,-0.0029,0.0109,0.01134,0.00192,0.00516,-0.00131,-0.00231,0.00527,0.00507,0.00001,0.00428,0.00374,0.00128,0.00354,15.50363,15.31958,6.32794,17.44854,16.02662,17.58506,18.23023,29.60804,30.42688,27.67124,33.13315,30.87890,34.39183,34.37204,0.72484,1.28963,1.12387,1.06322,0.81310,0.85346,0.80530
7/3/2020,19.11198,0.04000,0.00000,4.00000,"125,000",-0.70666,355,0.00201,0.0091,-0.0117,-0.04495,0.00281,-0.00646,0.00114,0.00112,0.01185,0.00417,0.00001,0.00354,0.00417,0.00111,0.00279,16.31337,15.12390,5.56068,17.25953,16.13463,17.44120,17.99151,29.61444,30.41494,27.61779,33.15461,30.87645,34.39380,34.37952,0.72907,1.27530,1.07603,1.06675,0.81967,0.85460,0.80756
7/6/2020,19.18455,0.30000,0.00000,3.75000,"195,000",-0.74291,355,0.12271,0.0080,0.0197,0.03175,0.00048,0.00463,0.01067,0.00577,0.00931,0.00343,0.00001,0.00357,0.00285,0.00151,0.00321,16.07178,14.92912,5.39363,17.26585,15.75615,17.75156,18.13066,29.62115,30.42697,27.65267,33.16950,30.87668,34.40784,34.39941,0.73198,1.30810,1.10723,1.06879,0.81202,0.86364,0.81294
7/7/2020,19.62334,-0.02000,0.00000,3.97000,"375,000",-0.48162,369,0.00201,-0.0075,-0.0077,0.00000,0.00155,0.01079,-0.00135,-0.00010,0.01396,0.02423,0.00000,0.00765,0.00412,0.00162,0.00484,16.47695,16.88347,,18.02813,16.12466,17.82108,18.54260,29.61151,30.42345,27.65267,33.18769,30.86800,34.41302,34.39930,0.72949,1.29456,1.10723,1.06973,0.81524,0.86367,0.81379
7/8/2020,19.30561,0.21000,0.00000,3.89000,"-180,000",-0.40309,369,0.00201,-0.0006,0.0012,-0.00085,0.00213,0.00472,0.00895,0.00506,0.00725,0.00293,0.00005,0.00652,0.00277,0.00177,0.00280,15.82221,14.77176,7.65917,17.86884,15.72616,17.91127,17.99658,29.61325,30.44120,27.65254,33.20528,30.86923,34.41318,34.39804,0.72643,1.29852,1.10676,1.07337,0.81586,0.86943,0.81741
7/9/2020,19.55649,-0.94000,0.00000,4.64000,"225,000",-0.52607,369,0.00201,0.0093,0.0205,0.00000,0.00897,0.01516,0.01546,0.01311,0.00856,0.00651,0.00001,0.00416,0.00417,0.00272,0.00436,15.98756,15.56869,5.76832,17.41758,16.13469,18.34009,18.43738,29.62934,30.45953,27.65254,33.23958,30.86854,34.43207,34.40351,0.73062,1.31548,1.10676,1.08462,0.83029,0.88273,0.82520
7/10/2020,19.49516,0.89000,106.00000,3.74000,"225,000",-0.49057,369,0.00402,-0.0154,-0.0040,0.00571,-0.00238,-0.00374,-0.00405,0.00117,0.01809,0.00728,0.00001,0.00516,0.00462,0.00189,0.00390,16.73633,15.68176,6.04025,17.63337,16.23874,17.97937,18.32687,29.62150,30.46125,27.65607,33.23988,30.86872,34.42238,34.39787,0.71924,1.31187,1.10991,1.08194,0.82562,0.87855,0.82651
7/13/2020,19.31861,-0.52000,2.50000,4.07000,"85,000",-0.79244,372,0.00402,-0.0090,0.0065,-0.01664,0.00022,-0.01121,-0.00305,-0.00012,0.01173,0.00318,0.00005,0.00511,0.00342,0.00161,0.00329,16.30269,14.85262,7.59589,17.62473,15.93880,17.81735,18.15483,29.60987,30.45189,27.64561,33.22686,30.87436,34.42003,34.39415,0.71174,1.32152,1.09668,1.08030,0.81081,0.87584,0.82494
7/14/2020,19.29642,0.18000,-2.50000,4.16000,"-110,000",-0.84809,373,0.00201,0.0055,0.0069,0.02628,0.00491,-0.01002,0.00467,-0.00003,0.00574,0.00309,0.00001,0.00376,0.00696,0.00192,0.00317,15.58767,14.82534,6.44572,17.31672,16.64845,17.99201,18.11908,29.61803,30.45901,27.66603,33.21856,30.86511,34.41961,34.39785,0.71126,1.32267,1.12320,1.08120,0.80836,0.87843,0.82352
7/15/2020,19.36419,0.89000,5.50000,3.69000,"135,000",-0.52960,373,0.55119,-0.0032,-0.0040,-0.00421,-0.00150,-0.01077,0.00044,0.00736,0.00973,0.00451,0.00000,0.00362,0.00974,0.00148,0.00417,16.11608,15.20287,5.13580,17.27877,16.98378,17.73378,18.39310,29.60835,30.45752,27.66311,33.20990,30.81076,34.42598,34.40071,0.70471,1.32286,1.11679,1.07809,0.78200,0.88013,0.83104
7/16/2020,19.30183,-0.42000,-2.50000,4.00000,0,-0.24423,381,0.00201,0.0112,0.0108,0.01305,0.00224,0.00097,0.00608,-0.00100,0.01260,0.00298,0.00341,0.00584,0.00347,0.00110,0.00314,16.37419,14.78690,11.89246,17.75763,15.95179,17.43530,18.11102,29.61901,30.46057,27.68759,33.21708,30.80970,34.42987,34.41170,0.71744,1.33794,1.13532,1.08142,0.78193,0.88574,0.83108
7/17/2020,19.43441,-0.23000,7.00000,4.64000,"5,000",0.40256,381,0.00402,0.0013,-0.0066,0.00000,0.00281,0.00195,0.00239,-0.00113,0.00450,0.00442,0.00001,0.00441,0.00758,0.00208,0.00340,15.34571,15.18231,6.04025,17.47793,16.73344,18.07104,18.19026,29.61636,30.45785,27.68759,33.21405,30.80044,34.42907,34.40040,0.72320,1.32878,1.13532,1.08157,0.79146,0.88668,0.82941
7/20/2020,19.48637,0.14000,-0.50000,4.09000,"60,000",0.62259,383,0.00402,0.0062,-0.0112,-0.01728,-0.00296,-0.02424,-0.00541,-0.00489,0.00657,0.00586,0.00000,0.00499,0.00531,0.00157,0.00499,15.72402,15.46387,4.78749,17.60046,16.37742,17.78893,18.57228,29.62021,30.44992,27.67681,33.20501,30.76656,34.41763,34.38701,0.72425,1.31305,1.12159,1.07671,0.77573,0.88012,0.82446
7/21/2020,19.33922,1.04000,-1.50000,4.02000,"290,000",0.10112,384,0.22128,0.0062,-0.0085,0.00486,0.00135,-0.01172,0.00009,-0.00127,0.01171,0.00400,0.00012,0.00436,0.00291,0.00136,0.00416,16.30109,15.08240,8.51919,17.47075,15.77469,17.64995,18.39174,29.63296,30.45432,27.65268,33.20599,30.78684,34.41888,34.38736,0.73126,1.30716,1.11343,1.07969,0.76487,0.87953,0.82492
7/22/2020,19.51085,-0.03000,-5.00000,3.72000,"1,625,000",-0.25266,401,0.51297,-0.0078,0.0157,0.00040,-0.00655,-0.00479,0.00050,-0.00495,0.00627,0.00338,0.00000,0.00309,0.00524,0.00210,0.00552,15.67604,14.91375,2.30259,17.12464,16.36330,18.08513,18.67345,29.62152,30.45495,27.65335,33.20286,30.76630,34.41034,34.38157,0.72980,1.31945,1.11394,1.07403,0.76494,0.87862,0.82184
7/23/2020,19.31601,-0.98000,-0.50000,3.71000,"355,000",-0.44950,408,0.40233,0.0009,-0.0043,-0.01786,-0.00435,-0.00492,-0.00240,0.00241,0.00642,0.00499,0.00001,0.00379,0.00390,0.00159,0.00388,15.70062,15.30412,6.04025,17.32891,16.06813,17.80601,18.32136,29.61894,30.45543,27.64117,33.19761,30.72790,34.40835,34.39084,0.73015,1.31609,1.09161,1.07087,0.76205,0.87670,0.82633
7/24/2020,20.05119,0.03000,0.50000,3.24000,"1,475,000",-0.94089,412,0.33594,-0.0384,-0.0295,0.00875,-0.02053,-0.05279,-0.04197,-0.03063,0.01160,0.01142,0.00000,0.00834,0.00664,0.00294,0.00912,16.29177,16.13099,4.24850,18.11878,16.60046,18.41994,19.17606,29.57686,30.40860,27.65587,33.16022,30.68072,34.37271,34.36337,0.70643,1.26535,1.10289,1.05229,0.72374,0.84242,0.80578
7/27/2020,19.90309,0.07000,-3.00000,4.05000,"1,880,000",-1.47914,420,0.04023,-0.0282,-0.0361,-0.00786,-0.03748,-0.05488,-0.05807,-0.04023,0.00940,0.00743,0.00003,0.00755,0.00497,0.00343,0.00614,16.08172,15.70097,7.00307,18.01911,16.31054,18.57441,18.78003,29.54281,30.36502,27.65083,33.11514,30.61347,34.30952,34.31815,0.69249,1.21260,1.09358,1.02156,0.69618,0.79380,0.77733
7/28/2020,19.61743,-0.19000,-2.50000,3.81000,"485,000",-1.40482,431,0.16093,0.0144,0.0312,0.02042,0.02913,0.02156,0.04178,0.02372,0.00852,0.00638,0.00000,0.00541,0.00609,0.00204,0.00512,15.98329,15.54859,4.70048,17.70165,16.51456,18.05509,18.59860,29.56224,30.40515,27.67770,33.17465,30.64314,34.34819,34.34639,0.69956,1.25772,1.11938,1.04655,0.71081,0.82603,0.79386
7/29/2020,19.70197,0.53000,2.50000,3.24000,"340,000",-1.87899,446,0.09455,-0.0323,-0.0369,0.00149,-0.01513,-0.03448,-0.02358,-0.02212,0.00862,0.00533,0.00007,0.00610,0.00565,0.00210,0.00597,15.99469,15.36893,7.99968,17.82071,16.43876,18.08204,18.75153,29.52394,30.36892,27.68029,33.13901,30.64585,34.32683,34.32269,0.67657,1.20850,1.12143,1.03176,0.69182,0.80821,0.78058
7/30/2020,19.08956,-0.81000,-2.00000,3.30000,"175,000",-2.31366,459,0.45865,-0.0050,0.0003,0.00817,0.01271,0.00601,0.00895,0.00475,0.00376,0.00252,0.00001,0.00324,0.00335,0.00147,0.00282,15.16550,14.61892,6.27288,17.18663,15.91662,17.72747,18.00209,29.52428,30.37078,27.69444,33.14301,30.63412,34.33391,34.34174,0.66475,1.21021,1.13270,1.04006,0.69323,0.81331,0.78403
7/31/2020,19.35511,0.36000,0.50000,3.31000,0,-2.48295,509,0.45262,0.0025,-0.0103,0.01341,-0.00906,0.00299,-0.00958,-0.00745,0.00857,0.01162,0.00000,0.00413,0.00533,0.00141,0.00429,15.98875,16.14839,3.40120,17.43155,16.38175,17.68438,18.42132,29.53043,30.37160,27.71779,33.13330,30.63805,34.32198,34.35185,0.66361,1.20193,1.15166,1.03217,0.69305,0.80549,0.78121
8/3/2020,19.51607,0.85000,-3.00000,3.57000,"150,000",-1.93275,621,0.34600,0.0259,0.0188,0.01463,0.01645,0.03670,0.02846,0.01877,0.01052,0.00467,0.00000,0.00688,0.00562,0.00145,0.00459,16.19380,15.23671,2.30259,17.94122,16.43336,17.71368,18.49001,29.55530,30.40145,27.74365,33.14968,30.65043,34.34930,34.36129,0.67421,1.22654,1.17318,1.04317,0.71041,0.82874,0.79361
8/4/2020,19.47292,0.28000,3.50000,4.19000,"775,000",-1.32026,652,0.25347,0.0187,0.0128,0.02109,0.01206,0.01184,0.01152,0.01758,0.00943,0.00598,0.00003,0.00511,0.00514,0.00155,0.00452,16.08470,15.48454,7.29302,17.64415,16.34434,17.78036,18.47423,29.56890,30.41439,27.75649,33.16163,30.64061,34.37399,34.37339,0.68598,1.23584,1.19037,1.05043,0.72043,0.84093,0.80344
8/5/2020,19.55977,0.74000,-3.00000,3.75000,"400,000",-0.85079,672,0.43451,-0.0112,0.0055,0.00637,0.01227,0.01555,0.00914,0.01188,0.00790,0.00348,0.00001,0.00733,0.00525,0.00224,0.00377,15.90720,14.94385,5.70378,18.00459,16.36542,18.14891,18.29117,29.56856,30.41927,27.76006,33.19018,30.65711,34.39013,34.37581,0.67212,1.24634,1.19864,1.06310,0.72378,0.85032,0.81291
8/6/2020,19.35520,-0.08000,-2.50000,2.58000,"2,000,000",-0.71592,717,0.35606,0.0064,0.0045,0.00667,0.00379,0.01113,0.00123,0.00335,0.00790,0.00523,0.00028,0.00491,0.00776,0.00134,0.00331,15.90789,15.34971,9.40837,17.60481,16.75651,17.63303,18.16471,29.57577,30.42140,27.77195,33.20791,30.67381,34.38475,34.37819,0.67235,1.24799,1.20888,1.06794,0.72844,0.84989,0.81537
8/7/2020,19.38218,-0.69000,-1.50000,3.50000,"1,075,000",-0.61126,750,0.39227,0.0098,0.0191,-0.01629,0.00227,-0.00469,-0.00270,0.00193,0.00694,0.01272,0.00001,0.00526,0.00407,0.00124,0.00414,15.77837,16.23931,5.52146,17.67321,16.11226,17.55995,18.38838,29.58090,30.46390,27.73329,33.21350,30.66383,34.38374,34.37812,0.67750,1.26244,1.18088,1.07177,0.72584,0.84714,0.81514
8/10/2020,19.55405,0.59000,7.50000,4.07000,"-4,110,000",-0.16913,841,0.48681,0.0254,0.0082,0.00035,0.00751,0.01322,0.00685,0.01251,0.00714,0.00448,0.00000,0.00591,0.00489,0.00168,0.00517,15.80698,15.19615,5.19296,17.78984,16.29572,17.85823,18.61150,29.59968,30.45856,27.73390,33.20548,30.66697,34.38330,34.38488,0.70084,1.27049,1.18139,1.07485,0.72840,0.85130,0.82220
8/11/2020,19.43319,-0.49000,1.50000,3.43000,"-2,935,000",0.17031,847,0.24140,-0.0007,-0.0025,0.00000,0.00010,-0.00055,0.00753,0.00397,0.00716,0.00336,0.00000,0.00507,0.00437,0.00208,0.00349,15.80989,14.90653,2.99573,17.69629,16.18311,18.07496,18.21834,29.59521,30.47266,27.73390,33.23654,30.66377,34.39105,34.38024,0.70079,1.27885,1.18139,1.07273,0.72638,0.85735,0.82152
8/12/2020,19.46631,0.93000,0.00000,2.57000,"-60,000",0.26038,866,0.22128,-0.0015,-0.0165,-0.01146,0.00472,0.01666,0.00360,0.00170,0.00648,0.00454,0.00001,0.00487,0.00380,0.00200,0.00372,15.70993,15.20845,6.13123,17.65653,16.04282,18.03530,18.28143,29.58582,30.47166,27.73841,33.23866,30.66762,34.39767,34.37923,0.69475,1.26463,1.17812,1.07684,0.74374,0.86030,0.82176
8/13/2020,19.44868,-0.47000,-1.50000,3.18000,"10,000",1.06993,883,0.32387,0.0124,0.0056,0.02607,0.00704,0.01496,0.00935,0.00927,0.00558,0.00373,0.00000,0.00489,0.00315,0.00161,0.00439,15.56068,15.01122,5.34711,17.65953,15.85429,17.81641,18.44735,29.59801,30.47270,27.75372,33.25318,30.68663,34.40784,34.38607,0.69606,1.28039,1.20043,1.08520,0.76554,0.86987,0.83132
8/14/2020,19.84088,-0.03000,-1.50000,3.70000,"700,000",2.29769,911,0.24140,-0.0059,0.0032,-0.02091,0.00118,-0.01461,-0.00563,-0.00310,0.00638,0.00387,0.00001,0.00623,0.00375,0.00199,0.00899,15.69359,15.04972,5.73657,17.90228,16.02975,18.02854,19.16435,29.59397,30.46208,27.74073,33.25538,30.68178,34.39730,34.38490,0.68940,1.28457,1.18277,1.08618,0.76455,0.86285,0.83093
8/17/2020,19.34356,0.44000,1.00000,3.90000,"620,000",1.83999,964,0.24140,-0.0124,0.0014,0.02911,0.00314,-0.00933,0.00140,0.00149,0.00572,0.00442,0.00008,0.00425,0.00261,0.00199,0.00324,15.58483,15.18280,8.09864,17.52042,15.66621,18.02725,18.14297,29.58415,30.47496,27.76568,33.25487,30.67274,34.39845,34.38688,0.67791,1.28128,1.21068,1.08851,0.74866,0.86420,0.83218
8/18/2020,19.38845,0.09000,-2.50000,3.10000,"1,525,000",1.80773,983,0.48681,-0.0030,0.0142,0.01394,0.00767,0.00764,-0.00463,0.00262,0.00541,0.00763,0.00000,0.00600,0.00207,0.00256,0.00267,15.52959,15.72815,3.40120,17.86415,15.43372,18.28076,17.95223,29.58259,30.49587,27.77415,33.24783,30.67058,34.39454,34.38087,0.67656,1.29360,1.22245,1.09081,0.76104,0.86070,0.83394
8/19/2020,19.39913,-0.09000,-2.50000,2.62000,"-1,075,000",2.06414,989,0.45664,0.0042,0.0025,-0.02230,0.00750,0.02517,0.00722,0.01122,0.00587,0.00312,0.00003,0.00437,0.00706,0.00203,0.00333,15.61132,14.83361,6.98472,17.54708,16.66200,18.05111,18.17173,29.59122,30.49516,27.76000,33.24984,30.72534,34.40245,34.38562,0.68413,1.29041,1.20283,1.09757,0.77971,0.86660,0.84460
8/20/2020,19.56256,-0.47000,-2.00000,3.05000,"-500,000",2.28810,994,0.09455,-0.0034,-0.0001,0.00000,0.00517,-0.00796,0.00296,0.00117,0.00834,0.00993,0.00000,0.00477,0.00454,0.00235,0.00440,15.96159,15.99178,2.30259,17.63396,16.22140,18.19409,18.45073,29.59249,30.48838,27.76000,33.24583,30.71337,34.40094,34.38387,0.68192,1.29391,1.20283,1.10214,0.77501,0.86823,0.84429
8/21/2020,19.52965,-0.55000,5.00000,3.40000,"300,000",2.29790,"1,007",0.25145,0.0233,0.0188,-0.01742,0.00939,-0.00129,0.01413,0.00795,0.00663,0.00507,0.00005,0.00512,0.00263,0.00249,0.00305,15.73656,15.31921,7.73631,17.70613,15.67385,18.25248,18.08517,29.61455,30.49767,27.74145,33.25176,30.71412,34.41385,34.38455,0.69687,1.31204,1.18375,1.10886,0.76203,0.87989,0.84980
8/24/2020,19.80349,0.66000,1.00000,3.68000,"-50,000",2.33043,"1,016",0.48681,0.0199,0.0083,0.01668,0.00943,0.01642,0.01626,0.01333,0.00976,0.00597,0.00102,0.00627,0.00486,0.00306,0.00526,16.12270,15.48336,10.68762,17.90800,16.28846,18.46055,18.62834,29.63792,30.50703,27.75928,33.26843,30.70733,34.43158,34.40038,0.71308,1.32388,1.20185,1.12120,0.76626,0.89368,0.85813
8/25/2020,19.81147,0.85000,-0.50000,3.93000,0,2.24881,"1,022",0.51297,0.0017,-0.0077,0.00240,0.00446,0.00205,0.00620,0.01038,0.00757,0.00451,0.00004,0.00606,0.00458,0.00310,0.00592,15.86850,15.20249,7.39634,17.87433,16.22849,18.47107,18.74761,29.63977,30.49267,27.76071,33.27723,30.70049,34.43395,34.41002,0.72229,1.31642,1.20381,1.12931,0.77208,0.89903,0.86630
8/26/2020,19.71140,-0.22000,1.00000,2.94000,"-375,000",2.16776,"1,029",0.45664,0.0246,-0.0006,-0.03242,0.00391,-0.00197,0.00225,0.00793,0.02255,0.00575,0.00000,0.00638,0.00444,0.00222,0.00439,16.96066,15.44490,2.99573,17.92581,16.19812,18.13769,18.44950,29.66939,30.49086,27.71384,33.27010,30.70065,34.43068,34.41221,0.75039,1.31421,1.15697,1.12990,0.77129,0.90093,0.87422
8/27/2020,19.62787,-0.55000,-2.50000,3.32000,"175,000",2.28699,"1,034",0.25145,0.0075,-0.0002,0.02023,0.00938,0.00321,0.01013,0.01323,0.00827,0.00503,0.00005,0.00517,0.00521,0.00175,0.00557,15.95743,15.31160,7.68248,17.71586,16.35878,17.91776,18.68641,29.67213,30.49698,27.75151,33.27183,30.70164,34.44157,34.41180,0.74988,1.31686,1.19029,1.13734,0.77121,0.90692,0.88532
8/28/2020,19.85723,-0.04000,-1.50000,3.14000,"550,000",2.34622,"1,036",0.25145,0.0130,0.0033,0.01432,0.00261,0.01635,0.01443,0.00305,0.01236,0.00598,0.00000,0.00524,0.00545,0.00357,0.00604,16.36423,15.48428,5.07517,17.72891,16.40292,18.62890,18.77035,29.69252,30.50481,27.75997,33.27174,30.69845,34.45356,34.41215,0.76972,1.32240,1.20372,1.13671,0.77343,0.91854,0.88763
8/31/2020,19.74036,0.50000,-2.50000,3.40000,"575,000",2.21108,"1,040",0.40233,-0.0032,-0.0005,0.00000,0.00089,0.03171,-0.00163,-0.00575,0.01028,0.00401,0.00000,0.00778,0.00523,0.00222,0.00488,16.17983,15.08544,2.99573,18.12359,16.36155,18.15491,18.55677,29.68462,30.49079,27.75997,33.29321,30.70344,34.45382,34.41345,0.76575,1.32652,1.20372,1.13787,0.80039,0.91875,0.88133
9/1/2020,19.59342,0.03000,-2.50000,3.17000,"300,000",2.11690,"1,044",0.00201,0.0158,0.0114,0.00000,0.00534,-0.00156,0.01048,0.00712,0.01168,0.01331,0.00000,0.00783,0.00450,0.00193,0.00375,16.30741,16.28441,,18.13082,16.21273,18.01406,18.29352,29.70014,30.50132,27.75997,33.29921,30.70723,34.46180,34.42721,0.76502,1.34393,1.20372,1.14594,0.79133,0.92848,0.88879
9/3/2020,19.72658,-1.59000,4.00000,3.44000,"-900,000",2.03454,"1,046",0.00201,-0.0022,-0.0037,-0.03348,0.00320,0.00441,0.00822,-0.00073,0.01020,0.00485,0.00008,0.00661,0.00390,0.00332,0.00412,16.17216,15.27403,8.17470,17.96068,16.06937,18.55649,18.38646,29.69881,30.53062,27.71570,33.31187,30.70284,34.48151,34.44325,0.76349,1.34057,1.15632,1.15382,0.80217,0.93885,0.89169
9/4/2020,19.66581,-1.33000,1.50000,3.63000,"-100,000",1.97056,"1,046",0.33594,-0.0144,-0.0021,0.02548,-0.00148,-0.00417,0.01200,0.00190,0.01100,0.00431,0.00000,0.00613,0.00680,0.00248,0.00434,16.24777,15.15801,4.60517,17.88561,16.62501,18.26566,18.44004,29.68256,30.53265,27.75106,33.30866,30.69771,34.47401,34.44751,0.75180,1.34098,1.19125,1.14846,0.79602,0.94597,0.89644
9/7/2020,19.88237,-0.76000,0.50000,3.69000,"-150,000",1.89543,"1,049",0.00201,-0.0082,-0.0071,0.01494,-0.00450,0.03325,-0.01055,-0.00290,0.02118,0.00599,0.00006,0.00740,0.01746,0.00282,0.00468,16.90290,15.48604,7.81601,18.07379,17.56765,18.39273,18.51498,29.67611,30.53844,27.76360,33.30144,30.74109,34.44973,34.43424,0.74717,1.33762,1.20567,1.14175,0.82529,0.93369,0.89266
9/8/2020,19.53422,-2.12000,-1.00000,2.63000,"-75,000",1.90555,"1,049",0.45664,0.0136,0.0066,-0.01311,0.00474,-0.01248,0.00669,0.00517,0.00718,0.00281,0.00001,0.00568,0.00596,0.00238,0.00367,15.82149,14.73000,6.29157,17.80933,16.49274,18.22424,18.27261,29.69186,30.52974,27.75165,33.30335,30.73491,34.45217,34.43586,0.76930,1.34102,1.19725,1.14650,0.80581,0.93960,0.89819
9/9/2020,19.58042,1.01000,-1.00000,4.20000,"75,000",1.60712,"1,054",0.45664,0.0139,-0.0090,-0.01970,0.00496,0.01039,-0.00283,0.00284,0.00747,0.01389,0.00020,0.00675,0.00918,0.00208,0.00300,15.86068,16.32686,9.04310,17.98307,16.92517,18.08761,18.06891,29.70627,30.50098,27.71309,33.30185,30.74853,34.44834,34.43792,0.78013,1.33029,1.16674,1.14719,0.81317,0.93588,0.90092
9/10/2020,19.76677,-0.73000,4.00000,3.83000,"275,000",1.82345,"1,059",0.00201,0.0004,0.0013,-0.02539,-0.00109,0.01858,0.00409,0.00614,0.00776,0.01349,0.00000,0.00634,0.00873,0.00160,0.00723,15.89885,16.30726,4.24850,17.92049,16.87461,17.82492,18.94976,29.70889,30.53281,27.71007,33.29893,30.74949,34.44711,34.43437,0.77612,1.33260,1.14303,1.14657,0.81790,0.93848,0.90335
9/11/2020,19.55365,-0.23000,-2.50000,3.61000,"-150,000",1.71249,"1,059",0.00402,0.0025,-0.0048,0.03401,0.00388,-0.00006,0.00451,0.00628,0.00835,0.01742,0.00011,0.00581,0.00700,0.00168,0.00416,15.97266,16.56278,8.43381,17.83283,16.65307,17.87254,18.39620,29.72123,30.53411,27.72342,33.29740,30.74659,34.44904,34.43347,0.77762,1.32772,1.17203,1.14891,0.81360,0.94134,0.90638
9/14/2020,19.76251,-0.22000,1.00000,3.67000,"25,000",1.47760,"1,063",0.00201,0.0098,0.0112,0.01699,0.00750,0.01703,0.00920,0.01097,0.01068,0.01619,0.00001,0.00860,0.00596,0.00220,0.00482,16.21800,16.48991,6.01616,18.22416,16.49319,18.14280,18.54451,29.72810,30.55485,27.75276,33.30355,30.75362,34.45720,34.43982,0.77828,1.34317,1.19662,1.15714,0.83070,0.94939,0.91135
9/15/2020,19.79469,0.92000,-2.50000,3.70000,"200,000",1.50615,"1,063",0.00201,0.0121,0.0081,0.00000,0.00515,-0.00188,0.00207,0.00069,0.01113,0.00944,0.00000,0.00635,0.00827,0.00316,0.00487,16.25937,15.95009,,17.92336,16.82091,18.50692,18.55406,29.74022,30.55500,27.75276,33.30640,30.73857,34.45505,34.44583,0.79750,1.34878,1.19662,1.16013,0.82902,0.95099,0.91185
9/16/2020,19.52422,1.69000,-2.50000,3.11000,"75,000",1.24571,"1,063",0.00201,0.0121,0.0057,0.00337,0.00223,0.00712,-0.00063,0.00226,0.00896,0.00433,0.00017,0.00589,0.00664,0.00157,0.00437,16.04304,15.17000,8.90517,17.84862,16.60092,17.80414,18.44641,29.74824,30.57041,27.75876,33.30754,30.74035,34.45508,34.44951,0.80636,1.36813,1.20175,1.16393,0.82989,0.95042,0.91331
9/17/2020,19.82981,1.08000,-2.50000,3.42000,"-225,000",0.97301,"1,063",0.33594,-0.0027,-0.0041,0.02174,-0.00347,0.00293,0.00080,0.00015,0.01212,0.00361,0.00000,0.00882,0.00917,0.00270,0.00531,16.34510,14.98920,2.30259,18.25143,16.92313,18.34718,18.64118,29.75072,30.56673,27.77152,33.31170,30.75014,34.45365,34.44099,0.80452,1.36297,1.21941,1.16172,0.83097,0.94908,0.91271
9/18/2020,19.72188,-0.33000,1.50000,3.74000,"-25,000",1.02848,"1,066",0.25145,0.0046,0.0018,-0.00607,0.00164,0.00515,0.01077,0.00484,0.00862,0.03556,0.00013,0.00529,0.00745,0.00304,0.00385,16.00371,17.27654,8.61975,17.73983,16.71542,18.46783,18.32063,29.75182,30.57854,27.74571,33.31780,30.75155,34.46627,34.44357,0.80694,1.36388,1.20653,1.16486,0.83418,0.95686,0.91675
9/21/2020,19.88904,-1.53000,-2.50000,3.52000,"75,000",1.27429,"1,068",0.00201,-0.0102,0.0050,0.02549,0.00524,-0.01308,0.00815,0.00071,0.00928,0.00388,0.00005,0.00667,0.00765,0.00334,0.00570,16.07793,15.06205,7.73631,17.97217,16.74282,18.56139,18.71300,29.74415,30.58557,27.78194,33.32268,30.73613,34.47154,34.45533,0.79842,1.37631,1.24257,1.17076,0.82062,0.96372,0.91941
9/22/2020,19.85647,0.28000,4.50000,3.52000,"-400,000",1.09057,"1,068",0.00201,-0.0033,-0.0060,0.00907,0.00019,-0.01060,0.00139,-0.00350,0.00929,0.00657,0.00023,0.00768,0.01255,0.00386,0.00418,16.07921,15.58846,9.21134,18.11349,17.23771,18.70754,18.40316,29.74192,30.58469,27.78750,33.31996,30.73416,34.47880,34.45069,0.79529,1.37253,1.25042,1.16795,0.81057,0.96528,0.91916
9/23/2020,19.78905,0.05000,6.50000,3.49000,"-300,000",0.91326,"1,068",0.00402,0.0086,0.0073,-0.00061,0.00022,0.00626,0.00404,0.00601,0.00764,0.00320,0.00000,0.00606,0.01165,0.00328,0.00436,15.88325,14.86822,3.40120,17.87685,17.16308,18.54237,18.44439,29.75216,30.58463,27.76530,33.32716,30.74369,34.49059,34.45569,0.80925,1.38020,1.23738,1.17342,0.81455,0.97029,0.92511
9/24/2020,19.82766,0.17000,3.00000,5.10000,"-900,000",0.93096,"1,069",0.00201,-0.0005,-0.0083,-0.02857,-0.00401,0.00439,0.00132,-0.00070,0.00729,0.00439,0.00004,0.00781,0.00636,0.00406,0.00457,15.83591,15.18446,7.35883,18.13098,16.55713,18.75723,18.49146,29.74595,30.57523,27.74742,33.32180,30.74068,34.48944,34.44780,0.80949,1.36246,1.20854,1.16944,0.82252,0.97179,0.92420
9/25/2020,19.76061,-0.02000,2.50000,2.49000,"625,000",0.97151,"1,069",0.00201,-0.0043,0.0010,-0.04251,0.00513,-0.00158,0.00416,-0.00185,0.00861,0.00405,0.00140,0.00564,0.00424,0.00387,0.00434,16.00234,15.10411,11.00446,17.80469,16.15198,18.70789,18.44013,29.74608,30.57670,27.69608,33.32608,30.73865,34.49088,34.44534,0.80595,1.36247,1.15916,1.17752,0.82129,0.97590,0.92260
9/28/2020,19.87711,0.51000,1.50000,2.86000,"-375,000",0.90147,"1,074",0.33594,0.0006,0.0045,0.02196,0.00049,-0.00477,0.00871,0.00572,0.00889,0.00608,0.00000,0.00688,0.00497,0.00415,0.00528,16.03473,15.51055,2.99573,18.00383,16.31125,18.77853,18.63695,29.75148,30.57946,27.71028,33.33677,30.73192,34.50318,34.44515,0.78618,1.36500,1.17733,1.17761,0.81627,0.98377,0.92613
9/29/2020,19.97045,-1.40000,-3.00000,2.58000,"325,000",0.72411,"1,077",0.22128,-0.0168,-0.0035,0.01321,-0.00569,-0.01202,-0.00829,-0.01064,0.01036,0.00643,0.00047,0.00815,0.00738,0.00346,0.00609,16.18766,15.56673,9.91591,18.17301,16.70699,18.59607,18.77897,29.72765,30.57975,27.73869,33.32656,30.71963,34.48771,34.43477,0.75741,1.36229,1.19860,1.17347,0.80818,0.97302,0.92084
9/30/2020,19.64353,-0.08000,-3.00000,4.55000,"50,000",0.42895,"1,094",0.00201,0.0096,-0.0026,0.00066,0.00328,0.00623,0.00277,0.00851,0.00650,0.00344,0.00003,0.00620,0.00594,0.00261,0.00436,15.72197,14.94142,7.11477,17.89914,16.48898,18.31572,18.44648,29.73823,30.57085,27.74005,33.32527,30.72689,34.48894,34.43732,0.77730,1.35759,1.20470,1.17533,0.79561,0.97608,0.92652
10/1/2020,19.72698,-0.02000,-1.00000,3.44000,"450,000",0.44008,"1,094",0.00402,0.0007,0.0024,0.01548,0.00869,0.01867,0.02559,0.00983,0.00597,0.00355,0.00014,0.00595,0.00598,0.00335,0.00433,15.63656,14.97165,8.70118,17.85795,16.49585,18.56327,18.44011,29.74252,30.57273,27.74945,33.33569,30.73804,34.49848,34.44992,0.77869,1.36231,1.21745,1.18339,0.81563,0.99693,0.93441
10/2/2020,20.14023,-1.66000,0.50000,2.67000,"400,000",0.49930,"1,095",0.00402,0.0035,-0.0015,-0.02433,-0.00640,0.00035,0.00031,-0.00011,0.01039,0.00585,0.00016,0.00849,0.00894,0.00460,0.00735,16.19057,15.47135,8.80387,18.21436,16.89774,18.88147,18.96973,29.73807,30.56355,27.71090,33.32988,30.74501,34.49344,34.44879,0.78353,1.35469,1.18428,1.17751,0.80644,0.99692,0.93309
10/5/2020,19.98309,2.02000,-1.00000,3.87000,"-100,000",0.58675,"1,096",0.00402,-0.0018,0.0101,0.00879,0.01101,0.01560,0.01982,0.01722,0.01073,0.00589,0.00047,0.00604,0.00842,0.00375,0.00677,16.22278,15.47873,9.91838,17.87302,16.83867,18.67630,18.88691,29.73658,30.56912,27.73151,33.33765,30.76750,34.49818,34.45109,0.76692,1.36337,1.20189,1.18843,0.81499,1.01386,0.94718
10/6/2020,20.03838,1.36000,-2.00000,3.36000,0,0.65213,"1,097",0.00402,0.0106,0.0084,0.01703,0.00503,0.00187,0.00866,0.00478,0.01172,0.00852,0.00007,0.00720,0.00594,0.00339,0.00858,16.31075,15.84808,8.04879,18.04950,16.49024,18.57766,19.12424,29.75152,30.57838,27.76002,33.34834,30.75995,34.50181,34.44766,0.78298,1.37002,1.22597,1.19602,0.81517,1.02355,0.94933
10/7/2020,20.10461,-0.66000,-1.50000,2.98000,"-150,000",0.90399,"1,098",0.00402,0.0123,0.0092,-0.00105,0.00627,0.00982,-0.00468,0.00292,0.01479,0.01047,0.00016,0.00760,0.01036,0.00362,0.00828,16.54385,16.05379,8.84072,18.10295,17.04537,18.64208,19.08907,29.77251,30.57944,27.75674,33.35595,30.77226,34.50085,34.45503,0.79744,1.37299,1.22425,1.20246,0.81813,1.02238,0.95244
10/8/2020,19.99457,1.35000,-1.00000,2.05000,"-50,000",0.68451,"1,099",0.00402,-0.0015,0.0052,0.00337,0.00144,0.00181,-0.00564,-0.00418,0.01087,0.00517,0.00001,0.00797,0.00787,0.00338,0.00686,16.23552,15.34914,6.32794,18.15071,16.77100,18.58113,18.90072,29.77000,30.57545,27.75827,33.35453,30.76900,34.50180,34.45365,0.79820,1.38158,1.22880,1.20441,0.82835,1.01701,0.95134
10/9/2020,19.88302,-0.49000,-2.50000,2.81000,"300,000",0.37373,"1,100",0.45664,0.0066,0.0038,0.00134,-0.00033,-0.00818,0.01104,0.00059,0.00985,0.00606,0.00003,0.00543,0.00408,0.00446,0.00567,16.13747,15.50754,7.02108,17.76636,16.11321,18.85875,18.71081,29.77788,30.57504,27.75917,33.36799,30.76193,34.50472,34.45965,0.80054,1.37997,1.23066,1.20697,0.82521,1.02649,0.95374
10/12/2020,19.95874,-1.13000,-2.50000,2.49000,"-50,000",0.31762,"1,109",0.00402,-0.0027,-0.0073,-0.05234,-0.00262,-0.01815,-0.00190,-0.00556,0.01928,0.00687,0.00059,0.00633,0.00695,0.00368,0.00605,16.80883,15.63302,10.13737,17.91962,16.64696,18.66808,18.77579,29.76771,30.57036,27.70249,33.35761,30.73848,34.51560,34.45792,0.79910,1.37194,1.16156,1.21116,0.81231,1.02559,0.94642
10/13/2020,19.69669,0.73000,1.00000,3.79000,"100,000",0.01293,"1,110",0.33594,0.0011,-0.0022,0.02860,0.00246,0.00845,0.00268,0.00218,0.00819,0.00333,0.00023,0.00558,0.00581,0.00271,0.00527,15.95217,14.90975,9.21234,17.79465,16.46739,18.36037,18.63685,29.76727,30.57056,27.74319,33.34599,30.74492,34.52426,34.46084,0.80095,1.36579,1.20058,1.21003,0.81701,1.03042,0.94790
10/14/2020,20.01811,0.87000,1.00000,3.45000,"-200,000",0.00756,"1,113",0.60148,-0.0028,-0.0013,0.00000,-0.00023,0.00361,0.01220,-0.00083,0.00801,0.00534,0.00000,0.00904,0.00665,0.00558,0.00485,15.93015,15.38016,,18.27638,16.60277,19.09329,18.55523,29.76313,30.57364,27.74319,33.36018,30.76346,34.55005,34.46753,0.79740,1.36762,1.20058,1.20996,0.81908,1.04478,0.95085
10/15/2020,20.04344,-0.16000,-2.50000,2.91000,"-100,000",0.24410,"1,122",0.25145,-0.0127,-0.0069,-0.00562,0.00131,-0.01877,0.00704,-0.00511,0.00915,0.00446,0.00006,0.00698,0.01748,0.00478,0.00593,16.06392,15.20024,7.84385,18.01849,17.56898,18.93931,18.75487,29.75150,30.58242,27.73916,33.36715,30.76076,34.55255,34.47279,0.78137,1.37091,1.19055,1.21455,0.79921,1.04968,0.94630
10/16/2020,19.91296,-0.23000,4.50000,2.59000,"125,000",-0.00719,"1,124",0.00201,-0.0001,-0.0105,0.00483,0.00072,-0.00425,-0.00021,-0.00647,0.00735,0.00435,0.00018,0.00673,0.00706,0.00410,0.00541,15.84522,15.17520,8.95157,17.98147,16.66264,18.78559,18.66395,29.76009,30.56569,27.74207,33.36782,30.75249,34.55557,34.47006,0.78781,1.36073,1.19448,1.22104,0.79941,1.04860,0.94115
10/19/2020,19.81141,-0.31000,-2.50000,3.20000,"75,000",0.02287,"1,134",0.48681,-0.0029,-0.0062,0.02319,0.00114,-0.00639,0.00896,0.00157,0.00656,0.00281,0.00017,0.00654,0.00601,0.00434,0.00400,15.73149,14.73976,8.91059,17.95307,16.50064,18.84313,18.36287,29.74920,30.56953,27.75674,33.36360,30.74661,34.55945,34.46697,0.76168,1.35415,1.22425,1.22728,0.79707,1.05396,0.93918
10/20/2020,19.92060,0.54000,-2.50000,2.16000,0,0.07020,"1,140",0.00402,0.0056,0.0057,0.00473,0.00530,0.00340,0.00000,-0.00410,0.00601,0.00407,0.00014,0.00682,0.00468,0.00429,0.00644,15.64341,15.10796,8.71768,17.99514,16.25147,18.83067,18.83724,29.74928,30.56802,27.75917,33.36440,30.74665,34.56530,34.46756,0.76179,1.35220,1.23066,1.22659,0.79863,1.05421,0.93853
10/21/2020,19.85804,-1.43000,-3.00000,3.14000,"50,000",-0.26461,"1,141",0.33594,0.0070,-0.0035,0.00835,-0.00255,-0.01410,-0.00220,-0.00145,0.00818,0.00661,0.00005,0.00570,0.00445,0.00466,0.00481,15.95095,15.59421,7.62071,17.81608,16.20109,18.91444,18.54542,29.74932,30.57039,27.77344,33.35914,30.73380,34.55560,34.46727,0.77887,1.34655,1.24296,1.21833,0.78996,1.05008,0.93926
10/22/2020,19.71755,0.73000,-3.00000,3.35000,0,-0.35829,"1,144",0.40233,-0.0051,0.0194,0.00375,0.00077,0.00554,0.00720,0.00322,0.00984,0.00411,0.00000,0.00533,0.00505,0.00397,0.00393,16.13639,15.11947,4.94164,17.74756,16.32685,18.75356,18.34474,29.74060,30.56870,27.80022,33.36381,30.73495,34.56762,34.48365,0.76095,1.35921,1.25083,1.21844,0.79894,1.06042,0.94538
10/23/2020,19.94227,-0.69000,3.00000,3.77000,"-100,000",-0.38168,"1,148",0.00201,-0.0074,0.0111,-0.02317,0.00085,0.00622,0.00199,0.00593,0.00725,0.01230,0.00034,0.00848,0.00590,0.00441,0.00552,15.83096,16.21523,9.59015,18.21241,16.48289,18.85839,18.68398,29.74010,30.57167,27.75738,33.37820,30.75428,34.57145,34.50472,0.75027,1.36392,1.21342,1.22787,0.78933,1.06288,0.95152
10/26/2020,19.85653,-1.31000,-2.00000,4.03000,0,-0.68276,"1,168",0.00402,-0.0051,-0.0112,0.00949,-0.00352,-0.01171,-0.02324,-0.01205,0.00616,0.00897,0.00003,0.00650,0.00448,0.00362,0.00539,15.66857,15.89939,7.13090,17.94662,16.20787,18.66076,18.66090,29.73084,30.56332,27.74922,33.37352,30.73341,34.54316,34.50064,0.75494,1.35530,1.21315,1.23104,0.78778,1.03583,0.94328
10/27/2020,19.91875,0.74000,3.00000,2.89000,"25,000",-1.13407,"1,169",0.33594,-0.0062,-0.0146,0.01345,-0.00995,-0.00944,-0.01313,-0.00876,0.00930,0.00706,0.00000,0.00664,0.00394,0.00503,0.00491,16.08037,15.65920,2.30259,17.96893,16.07893,18.98994,18.56732,29.72253,30.55529,27.77193,33.37484,30.72812,34.53718,34.49627,0.75310,1.33031,1.23262,1.22963,0.78333,1.02424,0.93696
10/28/2020,19.93348,-2.08000,1.50000,2.90000,"50,000",-1.47926,"1,172",0.00402,-0.0249,0.0004,-0.02149,-0.01810,-0.02536,-0.02490,-0.01619,0.00867,0.00629,0.00000,0.00764,0.00641,0.00402,0.00564,16.00974,15.54496,3.40120,18.10967,16.56490,18.76618,18.70599,29.69363,30.55114,27.75678,33.35692,30.70394,34.50675,34.46331,0.73497,1.31672,1.21291,1.21516,0.77588,0.99526,0.92031
10/29/2020,19.88210,-1.47000,4.00000,3.41000,"-125,000",-1.49430,"1,173",0.40233,0.0020,-0.0006,0.01855,0.00409,-0.00436,0.00963,0.00073,0.00872,0.00355,0.00010,0.00792,0.03120,0.00324,0.00377,16.01598,14.97194,8.31630,18.14522,18.14808,18.55137,18.30186,29.70524,30.55543,27.76412,33.35983,30.67380,34.50137,34.46513,0.73463,1.32703,1.23653,1.21720,0.76243,1.00189,0.91976
10/30/2020,19.52780,-0.19000,1.50000,2.85000,"50,000",-1.53503,"1,177",0.00201,0.0072,-0.0137,-0.00648,0.00842,0.00195,0.00506,0.00389,0.00493,0.00201,0.00001,0.00633,0.00407,0.00253,0.00347,15.44535,14.40405,5.99146,17.92170,16.11054,18.30329,18.22052,29.70921,30.55729,27.76030,33.36270,30.68103,34.49871,34.48392,0.75141,1.31707,1.23157,1.22744,0.76691,1.00570,0.92312
11/2/2020,19.48974,1.51000,0.00000,2.08000,"250,000",-1.51294,"1,180",0.07041,0.0014,0.0082,0.00724,0.00950,0.00521,0.01267,0.00992,0.00591,0.00679,0.00000,0.00635,0.00359,0.00175,0.00414,15.62730,15.62073,4.86753,17.92458,15.98502,17.93140,18.39683,29.71343,30.56008,27.76454,33.37022,30.68532,34.51883,34.48701,0.74133,1.32499,1.24171,1.24294,0.76682,1.02103,0.93094
11/3/2020,19.55068,0.74000,-1.50000,2.95000,"100,000",-1.28469,"1,192",0.00604,0.0091,0.0096,0.01843,-0.00113,0.00590,0.00343,0.00598,0.00496,0.00355,0.00007,0.00721,0.00424,0.00229,0.00352,15.45147,14.97198,8.05833,18.05157,16.15269,18.20506,18.23340,29.73358,30.56496,27.77133,33.37164,30.68137,34.52325,34.48198,0.74710,1.33637,1.25424,1.24764,0.76771,1.02531,0.93758
11/4/2020,19.67030,1.52000,-4.00000,3.51000,"-350,000",-0.81922,"1,202",0.00402,0.0114,0.0109,-0.00859,0.00987,0.01098,0.01151,0.00992,0.00641,0.00368,0.00000,0.00728,0.00431,0.00263,0.00468,15.70774,15.00846,5.24702,18.06081,16.16865,18.34138,18.51999,29.74445,30.56243,27.76710,33.37510,30.68816,34.53057,34.48190,0.75698,1.34884,1.24192,1.25284,0.77401,1.03550,0.94450
11/5/2020,19.51662,-0.30000,5.00000,3.88000,"200,000",-0.68421,"1,203",0.40233,-0.0039,-0.0089,-0.01518,-0.00039,-0.01078,-0.00660,-0.00370,0.00637,0.00424,0.00026,0.00559,0.00280,0.00242,0.00344,15.70221,15.14945,9.30928,17.79688,15.73858,18.25823,18.21274,29.73745,30.56275,27.75772,33.36871,30.68837,34.52137,34.48422,0.75363,1.34338,1.23295,1.25406,0.77054,1.02993,0.94077
11/6/2020,19.37228,-1.48000,-7.50000,3.27000,"200,000",-0.92220,"1,207",0.45664,0.0081,-0.0023,-0.01327,0.00118,0.00076,-0.00226,0.00214,0.00659,0.00214,0.00003,0.00572,0.00200,0.00154,0.00413,15.73517,14.46832,7.20042,17.81985,15.39904,17.80965,18.39678,29.75618,30.56460,27.72918,33.37203,30.67824,34.52001,34.48651,0.75949,1.34131,1.21324,1.25631,0.76884,1.02845,0.94233
11/9/2020,19.78406,2.95000,-3.00000,3.35000,"250,000",-0.62280,"1,215",0.25145,0.0089,0.0212,0.02628,0.00835,0.00665,0.01608,0.00872,0.00952,0.00633,0.00041,0.00686,0.00454,0.00275,0.00539,16.10282,15.55130,9.76824,18.00231,16.22130,18.38869,18.66251,29.77541,30.57527,27.76919,33.38536,30.69760,34.53237,34.50170,0.76811,1.36916,1.25396,1.26301,0.77558,1.04391,0.95113
11/10/2020,19.91080,1.21000,1.00000,3.38000,"-650,000",0.00587,"1,217",0.04023,-0.0015,0.0034,0.02316,-0.00322,-0.00225,0.00406,0.00019,0.00960,0.00642,0.00037,0.00687,0.00416,0.00339,0.00621,16.11116,15.56553,9.68471,18.00311,16.13270,18.59623,18.80493,29.77556,30.57948,27.80942,33.37839,30.69340,34.53007,34.49911,0.76588,1.39255,1.29444,1.26087,0.77578,1.04466,0.95159
11/11/2020,19.77620,0.19000,3.00000,1.21000,"80,000",0.06079,"1,228",0.28565,0.0145,0.0014,0.01053,0.00478,-0.01000,0.00231,-0.00047,0.00751,0.00289,0.00460,0.00676,0.00367,0.00307,0.00518,15.86634,14.76762,12.19162,17.98701,16.00806,18.49663,18.62322,29.78796,30.58046,27.84015,33.37932,30.68667,34.52918,34.49713,0.77343,1.38881,1.31171,1.26292,0.76691,1.04563,0.95038
11/12/2020,19.67337,-0.27000,0.00000,1.43000,"-80,000",-0.06066,"1,252",0.00402,0.0158,0.0142,-0.01258,0.00145,-0.00027,0.00924,0.00618,0.00778,0.00412,0.00001,0.00533,0.00892,0.00255,0.00467,15.90167,15.12102,5.91350,17.74924,16.89657,18.31387,18.51981,29.81410,30.58483,27.82439,33.38634,30.68648,34.54261,34.50767,0.78601,1.40484,1.29177,1.26431,0.76732,1.05530,0.95785
11/13/2020,19.92126,-0.75000,2.50000,2.40000,0,0.46826,"1,253",0.33594,0.0060,-0.0044,-0.01667,0.00075,0.00840,0.00651,0.01116,0.00883,0.00566,0.00003,0.00642,0.01237,0.00350,0.00622,16.02815,15.43919,7.05618,17.93548,17.22260,18.62774,18.80831,29.82310,30.57651,27.78602,33.39484,30.68311,34.55675,34.51543,0.78913,1.39748,1.26279,1.26413,0.75901,1.06247,0.96544
11/16/2020,20.03237,1.04000,-4.00000,3.34000,"50,000",0.98870,"1,281",0.25145,-0.0075,0.0008,0.03143,0.00213,0.00402,-0.00050,-0.00483,0.01070,0.00437,0.00470,0.00844,0.01257,0.00403,0.00641,16.22012,15.17908,12.21478,18.20969,17.23883,18.76917,18.83792,29.81730,30.57248,27.80635,33.38950,30.69491,34.54607,34.48831,0.78131,1.38676,1.29294,1.26315,0.76204,1.05746,0.95843
11/17/2020,19.83088,-0.07000,-5.50000,2.64000,"-100,000",1.71853,"1,283",0.45664,0.0107,0.0019,0.00856,0.01062,0.00590,0.01837,0.00742,0.00882,0.00342,0.00005,0.00740,0.00577,0.00348,0.00440,16.02713,14.93493,7.74066,18.07760,16.45999,18.62322,18.46118,29.83271,30.57747,27.81830,33.40467,30.70339,34.56509,34.51096,0.78922,1.38690,1.30447,1.27400,0.76114,1.07575,0.96654
11/18/2020,19.96657,0.59000,-5.00000,3.53000,0,2.06005,"1,288",0.07041,0.0016,0.0025,0.02285,0.01137,0.00927,0.00567,0.00586,0.00808,0.00473,0.00001,0.00952,0.00456,0.00384,0.00532,15.93933,15.25914,5.59842,18.33014,16.22484,18.72187,18.65018,29.83710,30.57742,27.85734,33.41971,30.70562,34.56631,34.50451,0.78959,1.38461,1.34063,1.28460,0.76907,1.08009,0.97170
11/19/2020,20.01160,-0.14000,0.00000,3.19000,"-175,000",2.29977,"1,300",0.40233,0.0024,-0.0093,-0.03723,0.01297,0.00870,0.00086,0.00402,0.01116,0.00465,0.00004,0.00953,0.00517,0.00360,0.00632,16.26237,15.24275,7.40245,18.33151,16.35012,18.65630,18.82260,29.84225,30.58296,27.80732,33.44734,30.70093,34.58071,34.50410,0.78928,1.38842,1.28849,1.29666,0.77852,1.08530,0.97429
11/20/2020,20.01942,0.76000,7.50000,3.27000,"50,000",2.29141,"1,304",0.00402,0.0175,0.0064,-0.01685,0.00585,0.02707,0.00096,0.00888,0.01577,0.00571,0.00000,0.00940,0.00887,0.00274,0.00755,16.60795,15.44762,5.07517,18.31772,16.89002,18.38265,19.00160,29.86933,30.62361,27.77138,33.44962,30.75182,34.59145,34.50935,0.80164,1.40662,1.26149,1.30615,0.79472,1.08845,0.98204
11/23/2020,19.98585,1.10000,-2.00000,3.57000,"-80,000",2.13870,"1,307",0.45664,0.0083,0.0094,0.03316,0.00664,0.00431,0.00646,0.00249,0.01138,0.00386,0.00199,0.01047,0.00789,0.00365,0.00571,16.28193,15.05572,11.35381,18.42478,16.77284,18.67055,18.72244,29.88773,30.65956,27.81827,33.46228,30.77506,34.58859,34.51841,0.81050,1.41798,1.31701,1.30917,0.80394,1.09485,0.98408
11/24/2020,20.10088,1.80000,-28.50000,3.76000,"-620,000",1.75358,"1,312",0.40233,-0.0035,-0.0017,-0.02265,0.00435,0.00012,0.00031,-0.00255,0.00991,0.00684,0.00002,0.01283,0.00705,0.00390,0.00576,16.14317,15.62873,6.81344,18.62869,16.66133,18.73785,18.73038,29.88568,30.66658,27.79060,33.46141,30.78396,34.58985,34.52839,0.80826,1.40661,1.27360,1.31356,0.80723,1.09516,0.98344
11/25/2020,19.94935,0.75000,-1.50000,2.93000,"-700,000",1.70319,"1,316",0.45664,0.0038,0.0015,0.01389,-0.00193,0.02409,0.00546,0.00043,0.00934,0.00605,0.00033,0.01076,0.01042,0.00331,0.00532,16.08367,15.50535,9.55393,18.45212,17.05138,18.57393,18.65010,29.88289,30.64348,27.81439,33.45294,30.83381,34.59882,34.53280,0.81190,1.40482,1.29487,1.31690,0.82959,1.10081,0.98358
11/26/2020,20.00225,-0.81000,-0.50000,2.87000,"225,000",1.83824,"1,321",0.00603,0.0021,-0.0026,0.00259,0.00370,0.01141,0.00702,0.00548,0.00734,0.00302,0.00032,0.01003,0.01224,0.00426,0.00571,15.84325,14.81205,9.51414,18.38275,17.21270,18.82621,18.72155,29.88891,30.64413,27.82789,33.45723,30.87854,34.60932,34.53495,0.81374,1.40248,1.30493,1.32150,0.84462,1.10861,0.99034
11/27/2020,19.86036,0.38000,-1.00000,2.53000,"-100,000",1.65279,"1,331",0.55119,0.0096,0.0026,-0.02627,0.00542,-0.00240,0.00827,0.00458,0.00870,0.00406,0.00002,0.00625,0.00648,0.00386,0.00472,16.01375,15.10558,6.77992,17.90924,16.57637,18.72744,18.52988,29.89650,30.64359,27.80617,33.46854,30.88785,34.61401,34.53846,0.82035,1.40794,1.26518,1.33207,0.84745,1.11649,0.99622
11/30/2020,20.03629,-0.59000,-3.50000,3.83000,"-1,175,000",1.50667,"1,343",0.40233,-0.0043,0.0134,0.00695,-0.00179,-0.00138,0.00160,0.00150,0.00753,0.00737,0.00001,0.00907,0.00826,0.00426,0.00646,15.86859,15.70337,6.29157,18.28143,16.81925,18.83006,18.84479,29.88821,30.66080,27.80332,33.46104,30.88631,34.61073,34.53546,0.81677,1.42349,1.27486,1.33128,0.84157,1.11482,0.99737
12/1/2020,20.17322,-0.17000,-1.50000,2.76000,"525,000",1.72537,"1,347",0.40233,-0.0066,-0.0049,0.00130,0.00175,0.01264,0.01579,0.00199,0.00942,0.00651,0.00016,0.00871,0.01119,0.00532,0.00731,16.09279,15.57800,8.85224,18.24091,17.12314,19.05280,18.96837,29.88107,30.65352,27.77836,33.46662,30.88438,34.61754,34.54027,0.81358,1.42306,1.25911,1.33570,0.85572,1.12848,1.00035
12/2/2020,20.31654,0.83000,0.00000,3.50000,"775,000",1.85407,"1,351",0.51297,-0.0054,-0.0094,0.00939,0.00442,-0.00269,0.01124,0.00172,0.00802,0.00416,0.00025,0.00747,0.00547,0.00461,0.01281,15.93178,15.12968,9.28359,18.08821,16.40619,18.91880,19.52891,29.86837,30.65697,27.78666,33.47115,30.85872,34.63274,34.54468,0.80752,1.41320,1.26456,1.34001,0.84866,1.13865,1.00143
12/3/2020,20.02703,0.46000,-3.00000,2.47000,"400,000",1.79524,"1,358",0.33594,0.0096,0.0091,0.03030,0.01099,0.01355,0.00981,0.01263,0.00999,0.00859,0.00005,0.00707,0.00934,0.00379,0.00696,16.15194,15.85595,7.70526,18.03226,16.94210,18.72369,18.91910,29.88608,30.69738,27.83038,33.48426,30.86780,34.63532,34.54959,0.81535,1.43108,1.30978,1.34788,0.85371,1.14798,1.01078
12/4/2020,20.11282,0.54000,-2.50000,2.56000,"-150,000",1.81301,"1,361",0.00201,0.0012,-0.0004,-0.02202,0.00392,0.01285,-0.00248,0.00210,0.00791,0.00539,0.00020,0.00831,0.01229,0.00413,0.00734,15.92192,15.39078,9.06531,18.19457,17.21634,18.80936,18.97319,29.88318,30.69271,27.79085,33.49703,30.90665,34.62636,34.54866,0.81479,1.42936,1.27415,1.35407,0.86737,1.14267,1.01289
12/7/2020,20.02572,-0.46000,-2.50000,3.07000,"-100,000",1.85519,"1,366",0.00402,0.0171,0.0028,-0.00881,0.00577,0.02401,0.00972,0.01174,0.01162,0.00530,0.00013,0.01150,0.01064,0.00285,0.00666,16.30681,15.37252,8.64822,18.51966,17.07205,18.43755,18.87579,29.90245,30.66890,27.77496,33.51872,30.90565,34.64042,34.54956,0.82630,1.43615,1.26081,1.36271,0.87845,1.15395,1.01939
12/8/2020,20.06765,0.05000,3.50000,2.92000,"300,000",1.79871,"1,367",0.00603,0.0056,0.0118,0.02167,0.00181,0.00049,0.00974,0.00496,0.01138,0.00658,0.00009,0.00749,0.00851,0.00446,0.00613,16.28588,15.58926,8.26873,18.09004,16.84940,18.89155,18.79039,29.90352,30.65407,27.79953,33.51943,30.88305,34.64840,34.54377,0.83346,1.44834,1.28556,1.36276,0.86795,1.16451,1.02048
12/9/2020,20.16089,0.02000,-2.00000,3.19000,"-200,000",1.91400,"1,377",0.40233,0.0013,0.0042,-0.01045,0.00646,0.00182,0.01859,0.00395,0.00916,0.00570,0.00005,0.00796,0.00948,0.00480,0.00705,16.06943,15.44590,7.61579,18.15186,16.95651,18.96504,18.93175,29.90424,30.66233,27.78876,33.51179,30.87888,34.67009,34.55173,0.83614,1.45859,1.27011,1.36661,0.86767,1.18669,1.02512
12/10/2020,20.19025,1.39000,3.00000,3.41000,"-175,000",1.62577,"1,381",0.40233,-0.0084,-0.0059,-0.01667,-0.00779,0.00045,-0.00911,-0.00690,0.00973,0.00743,0.00000,0.01059,0.01695,0.00419,0.00694,16.12980,15.71110,5.07517,18.43743,17.53821,18.83043,18.91721,29.88913,30.65282,27.77832,33.49585,30.90062,34.66463,34.54322,0.83021,1.44660,1.25540,1.35920,0.87337,1.17704,1.01842
12/11/2020,19.90152,-0.28000,0.00000,3.66000,0,1.46877,"1,395",0.48681,-0.0088,0.0022,-0.04800,0.00920,0.01135,0.01662,0.00501,0.00737,0.00566,0.00006,0.00634,0.00552,0.00336,0.00504,15.85127,15.43796,7.85554,17.92421,16.41618,18.61013,18.59698,29.88725,30.65335,27.72383,33.52093,30.90608,34.67917,34.55389,0.82284,1.45055,1.19773,1.37168,0.88014,1.19517,1.02206
12/14/2020,20.14437,0.32000,-1.50000,3.07000,0,1.96577,"1,397",0.45664,0.0163,0.0082,0.04444,0.01105,0.01965,0.02722,0.01623,0.01223,0.00873,0.00020,0.00671,0.00756,0.00447,0.00645,16.35826,15.87249,9.05952,17.98183,16.73024,18.89799,18.84387,29.91149,30.66154,27.77321,33.52844,30.91435,34.69809,34.57456,0.83391,1.46062,1.24623,1.38384,0.88761,1.22672,1.03887
12/15/2020,20.28801,0.47000,0.50000,3.19000,"50,000",2.44511,"1,402",0.33594,0.0123,0.0040,-0.01013,-0.00076,0.00792,-0.00572,0.00710,0.01749,0.00882,0.00009,0.00907,0.01940,0.00452,0.00861,16.71601,15.88221,8.21609,18.28322,17.67285,18.90792,19.13190,29.92409,30.66116,27.76378,33.51373,30.91498,34.68582,34.56882,0.84045,1.46397,1.23505,1.37852,0.88813,1.21719,1.04683
12/16/2020,20.18767,0.32000,2.00000,3.08000,"250,000",2.66550,"1,405",0.00201,0.0076,0.0130,-0.02144,0.00318,0.02167,0.00749,0.01089,0.01278,0.01226,0.00004,0.00695,0.01558,0.00540,0.00652,16.40206,16.21148,7.54961,18.01715,17.45341,19.08626,18.85510,29.93686,30.66902,27.74115,33.51618,30.96973,34.70951,34.57431,0.84891,1.48356,1.21254,1.38437,0.91068,1.22704,1.05872
12/17/2020,20.27629,0.42000,-2.50000,2.46000,"150,000",2.49397,"1,405",0.25145,0.0068,-0.0044,0.01637,-0.00278,-0.00945,-0.00772,-0.00026,0.01781,0.01135,0.00001,0.00858,0.01286,0.00526,0.00790,16.73392,16.13445,5.56068,18.22761,17.26193,19.05990,19.04619,29.94853,30.66730,27.75082,33.50249,30.94517,34.69355,34.55831,0.85410,1.47658,1.22634,1.37760,0.89558,1.21614,1.05471
12/18/2020,20.19951,0.76000,-2.50000,3.00000,"-50,000",2.66726,"1,407",0.33594,0.0167,0.0108,-0.01411,0.00530,0.01905,0.03301,0.01196,0.01620,0.00768,0.00035,0.00678,0.01091,0.00492,0.00820,16.63952,15.74404,9.61046,17.99198,17.09754,18.99353,19.08392,29.96046,30.67217,27.73981,33.51660,30.95759,34.72059,34.56431,0.86650,1.48914,1.21334,1.38387,0.90827,1.25490,1.06885
12/21/2020,20.37208,-1.35000,5.50000,2.90000,"275,000",3.09896,"1,413",0.00402,0.0105,-0.0008,0.01235,0.00455,0.02299,0.03300,0.01390,0.01535,0.00868,0.00073,0.00893,0.01802,0.00635,0.00816,16.58542,15.86585,10.35265,18.26782,17.59915,19.24771,19.07859,29.96740,30.67343,27.75527,33.51726,30.97548,34.73739,34.58023,0.87410,1.48230,1.22790,1.38964,0.92143,1.29399,1.08354
12/22/2020,20.46256,-0.83000,3.00000,3.35000,"-225,000",3.50838,"1,414",0.48681,0.0179,0.0209,0.01449,0.01005,0.01729,0.01758,0.02140,0.01910,0.01228,0.00041,0.01000,0.01035,0.00586,0.01060,16.80393,16.21310,9.77167,18.38160,17.04484,19.16758,19.34030,29.98068,30.69815,27.76289,33.52690,30.99697,34.73497,34.58394,0.88371,1.50354,1.23438,1.39528,0.92776,1.31199,1.10119
12/23/2020,20.50377,1.12000,6.50000,3.39000,"50,000",3.46231,"1,420",0.00402,0.0160,0.0110,0.01403,0.00362,-0.02223,-0.01648,0.00994,0.01912,0.01082,0.00004,0.01266,0.01344,0.00538,0.01220,16.80495,16.08685,7.42058,18.61959,17.30594,19.11493,19.48129,29.99414,30.71134,27.76373,33.52776,30.97465,34.74016,34.58840,0.89646,1.51574,1.24134,1.38788,0.91044,1.28896,1.10725
12/24/2020,20.44161,0.09000,-2.50000,2.75000,"200,000",3.02506,"1,421",0.04023,-0.0200,-0.0040,0.02755,-0.01340,-0.02959,-0.01912,-0.01210,0.03829,0.00796,0.01588,0.00902,0.01640,0.00585,0.01003,17.49960,15.78001,13.43173,18.28007,17.50480,19.19791,19.28540,29.97253,30.68287,27.78848,33.52470,30.93895,34.72585,34.57967,0.87432,1.51314,1.26949,1.37733,0.88665,1.26519,1.09332
12/25/2020,20.27943,0.00000,-5.00000,3.87000,0,2.86738,"1,432",0.51297,0.0230,0.0183,0.03112,0.00657,0.01138,0.03406,0.01653,0.01597,0.01156,0.00032,0.00845,0.01180,0.00460,0.00927,16.62526,16.15300,9.52588,18.21485,17.17547,18.95836,19.20600,29.99406,30.71047,27.81017,33.53242,30.95238,34.74918,34.58973,0.89347,1.54869,1.30325,1.38231,0.89700,1.30723,1.11143
12/28/2020,20.36776,-0.43000,-2.00000,2.67000,"-50,000",2.94039,"1,441",0.00603,0.0199,0.0123,0.01661,0.00343,0.02012,0.01604,0.01330,0.02127,0.00918,0.00039,0.00855,0.01562,0.00464,0.00946,16.91153,15.92198,9.73566,18.22671,17.45646,18.96584,19.22631,30.02050,30.71666,27.81697,33.53639,30.96366,34.75405,34.59141,0.91484,1.56939,1.31828,1.38639,0.90601,1.32662,1.12102
12/29/2020,20.32034,0.23000,-0.50000,3.62000,"150,000",2.97687,"1,451",0.33594,0.0015,-0.0042,0.03806,0.00495,-0.00217,0.00324,0.01331,0.02218,0.00613,0.00112,0.00686,0.01080,0.00454,0.01009,16.95350,15.51847,10.77645,18.00617,17.08687,18.94504,19.29308,30.02029,30.72170,27.84596,33.54246,30.96257,34.76050,34.60922,0.91109,1.57265,1.36521,1.39095,0.90707,1.33202,1.13348
12/30/2020,20.29594,0.25000,-3.50000,2.79000,0,3.17978,"1,454",0.25145,-0.0033,-0.0064,-0.01211,0.00522,-0.00080,-0.00422,0.00056,0.02074,0.01190,0.00049,0.00822,0.01401,0.00458,0.00900,16.88656,16.18210,9.96176,18.18799,17.34761,18.95409,19.17827,30.02690,30.71652,27.84031,33.54001,30.96240,34.75645,34.61198,0.91009,1.56402,1.34954,1.39328,0.91258,1.32634,1.13184
12/31/2020,20.05107,0.46000,-5.00000,3.44000,"175,000",3.12735,"1,456",0.60148,-0.0028,0.0010,-0.01112,0.00974,0.00836,0.01374,0.00675,0.01727,0.00646,0.00021,0.00543,0.01071,0.00366,0.00668,16.70337,15.57047,9.10498,17.77710,17.07852,18.72857,18.88045,30.02573,30.71932,27.82980,33.53791,30.96820,34.76673,34.61143,0.89412,1.56480,1.33926,1.39746,0.92188,1.34307,1.14014
1/4/2021,20.41246,-0.71000,0.00000,3.66000,"700,000",3.00556,"1,494",0.33594,0.0143,-0.0013,-0.05178,-0.00861,0.00901,-0.01977,-0.01240,0.01676,0.00737,0.00029,0.00990,0.01377,0.00611,0.00911,16.67336,15.70323,9.41735,18.37710,17.33049,19.24303,19.19119,30.03661,30.72036,27.78278,33.55219,30.98584,34.73992,34.53059,0.86084,1.65261,1.24744,1.47116,1.06977,1.26671,1.11424
1/5/2021,20.46369,2.51000,-5.00000,3.01000,"350,000",3.23481,"1,497",0.51297,0.0072,0.0021,0.00090,0.00871,0.01221,0.01603,0.00970,0.01693,0.00833,0.00108,0.00804,0.01568,0.00680,0.01080,16.68339,15.82469,10.74290,18.16944,17.46005,19.34988,19.36111,30.03950,30.73027,27.78492,33.55405,31.01106,34.74653,34.55155,0.86168,1.65540,1.23927,1.47713,1.08714,1.28473,1.12661
1/6/2021,20.47092,0.70000,1.00000,3.08000,"150,000",3.19886,"1,504",0.00402,0.0052,0.0131,-0.04452,0.00529,0.00225,0.02187,0.00533,0.01920,0.00952,0.00028,0.00840,0.01403,0.00682,0.01004,16.80935,15.95877,9.40919,18.21239,17.34886,19.35286,19.28779,30.04164,30.74362,27.73051,33.55529,31.02813,34.77774,34.55549,0.86399,1.67221,1.18586,1.47823,1.09814,1.31434,1.13380
1/7/2021,20.45697,0.27000,-3.00000,3.01000,"-475,000",3.45661,"1,505",0.40233,0.0055,0.0161,0.00131,0.01256,0.03161,0.02127,0.01296,0.01763,0.00994,0.00014,0.00909,0.02072,0.00632,0.00899,16.72395,16.00208,8.71604,18.29333,17.73894,19.27571,19.18140,30.04788,30.75619,27.73340,33.55918,31.08998,34.79578,34.56411,0.86895,1.68561,1.18773,1.49290,1.14204,1.33941,1.14639
1/8/2021,20.49084,1.42000,2.00000,3.48000,"-500,000",3.56067,"1,509",0.33594,-0.0018,0.0129,-0.00170,0.00584,0.02025,0.00235,0.00717,0.01681,0.01062,0.00021,0.00916,0.03171,0.00617,0.00935,16.67629,16.06797,9.09381,18.30070,18.16434,19.25127,19.22047,30.04720,30.75569,27.74861,33.56448,31.09594,34.79549,34.58377,0.86453,1.69765,1.19108,1.50431,1.15191,1.33258,1.15581
1/11/2021,20.53870,-0.33000,3.00000,2.89000,"100,000",3.61986,"1,514",0.00402,0.0086,0.0139,0.00000,0.01077,0.00460,-0.00670,0.02018,0.01824,0.01171,0.00035,0.00870,0.02420,0.00639,0.01179,16.75809,16.16561,9.60912,18.24967,17.89402,19.28757,19.45238,30.06272,30.75768,27.74861,33.57353,31.08077,34.79102,34.61670,0.87031,1.71113,1.19108,1.51304,1.15099,1.32329,1.17789
1/12/2021,20.36959,0.92000,6.50000,3.21000,"200,000",3.52440,"1,515",0.45664,0.0113,-0.0009,0.00167,0.01141,0.00101,0.00315,0.01179,0.01585,0.01041,0.00034,0.00854,0.01706,0.00544,0.00941,16.61727,16.04856,9.58190,18.23051,17.54475,19.12394,19.22727,30.07348,30.75361,27.74248,33.59236,31.07042,34.79275,34.62369,0.87531,1.72441,1.19638,1.52266,1.14742,1.32651,1.18684
1/13/2021,20.54664,-0.52000,-3.00000,3.46000,"-150,000",3.44112,"1,520",0.00402,0.0032,-0.0023,-0.00290,0.00466,0.00478,-0.00219,-0.00181,0.02229,0.01150,0.00011,0.00896,0.02160,0.00714,0.00971,16.95869,16.14739,8.43381,18.27865,17.78058,19.39627,19.25885,30.06302,30.74189,27.73768,33.59526,31.05719,34.79185,34.60658,0.87163,1.71221,1.19260,1.52542,1.13959,1.32503,1.18187
1/14/2021,20.46316,0.36000,-1.00000,3.49000,"-50,000",3.85023,"1,521",0.00603,0.0266,0.0003,0.01061,0.00848,0.00175,0.02518,0.00983,0.02086,0.01151,0.00022,0.00791,0.01660,0.00559,0.01210,16.89356,16.14841,9.15905,18.15376,17.51688,19.15053,19.47969,30.08739,30.74600,27.74494,33.59216,31.04739,34.79821,34.60660,0.89711,1.72378,1.20225,1.53149,1.12373,1.34932,1.19120
1/15/2021,20.51934,-1.32000,2.00000,3.33000,"175,000",3.92916,"1,531",0.45664,0.0278,0.0159,-0.01029,0.00869,0.02321,0.02022,0.01164,0.01638,0.01370,0.00016,0.00780,0.01949,0.00752,0.01001,16.65182,16.32274,8.82468,18.13987,17.67755,19.44805,19.28957,30.11768,30.75098,27.73768,33.58706,31.06667,34.80705,34.61398,0.92485,1.73087,1.19260,1.53586,1.15271,1.37310,1.20070
1/18/2021,20.41760,-0.35000,2.50000,3.28000,"-150,000",3.81929,"1,537",0.25145,0.0222,0.0090,0.01296,0.01199,0.01196,-0.00620,0.00794,0.02250,0.00864,0.00028,0.00864,0.01608,0.00611,0.00840,16.96922,15.86193,9.40919,18.24220,17.48547,19.24100,19.11480,30.13762,30.75831,27.75276,33.59110,31.05983,34.79721,34.61426,0.93513,1.73940,1.20689,1.54800,1.15014,1.36592,1.20467
1/19/2021,20.73528,1.15000,6.00000,2.89000,"-50,000",3.09298,"1,539",0.00402,-0.0329,-0.0250,-0.02578,-0.03552,-0.05436,-0.05718,-0.03833,0.02019,0.01481,0.00007,0.01229,0.01895,0.00814,0.01432,16.86080,16.40051,8.07091,18.59481,17.64958,19.52768,19.64769,30.09553,30.73303,27.73203,33.54228,30.99591,34.73685,34.56857,0.90898,1.70988,1.18190,1.50083,1.09092,1.28727,1.15727
1/20/2021,20.54174,0.18000,-2.50000,2.69000,"200,000",2.73927,"1,540",0.40233,-0.0037,-0.0013,0.00670,-0.00093,-0.02197,-0.00413,-0.00662,0.01721,0.01121,0.00013,0.01032,0.01794,0.00664,0.01149,16.70142,16.12189,8.63052,18.42002,17.59456,19.32419,19.42784,30.09734,30.73612,27.73641,33.54552,30.97328,34.73959,34.57266,0.90460,1.73375,1.18768,1.50127,1.07208,1.28088,1.15329
1/21/2021,20.36305,0.02000,-2.00000,3.78000,"-50,000",2.71368,"1,544",0.25145,0.0303,0.0290,0.00537,0.02664,0.02324,0.02854,0.02769,0.01621,0.01116,0.00032,0.00821,0.01077,0.00529,0.01006,16.64109,16.11783,9.52515,18.19097,17.08409,19.09712,19.29465,30.13485,30.78036,27.74342,33.57161,31.01319,34.77323,34.59317,0.92967,1.76093,1.18331,1.53197,1.10049,1.31768,1.18318
1/22/2021,20.41152,-0.69000,-3.50000,3.43000,"-100,000",2.74543,"1,546",0.25145,-0.0035,0.0112,-0.00524,0.00444,-0.00173,-0.01261,0.00951,0.01739,0.01221,0.00016,0.00855,0.01440,0.00467,0.01184,16.71175,16.20757,8.80986,18.23159,17.37484,18.97136,19.45813,30.13256,30.81968,27.71959,33.57136,30.99962,34.76882,34.60611,0.93052,1.78358,1.17640,1.53816,1.08661,1.30129,1.19667
1/25/2021,20.34237,0.47000,5.00000,3.51000,"100,000",2.55185,"1,548",0.00402,0.0145,0.0116,0.01902,0.00871,-0.00621,-0.01367,0.01295,0.01769,0.01421,0.00006,0.00962,0.01110,0.00430,0.01075,16.72843,16.35940,7.90101,18.34969,17.11483,18.88902,19.36156,30.13823,30.85652,27.74975,33.57823,30.98294,34.75627,34.61608,0.93890,1.79592,1.20001,1.54743,1.07135,1.28408,1.21377
1/26/2021,20.48592,0.03000,-2.50000,3.38000,"75,000",2.15501,"1,549",0.25145,-0.0236,-0.0247,-0.00448,-0.02213,-0.03142,-0.04123,-0.01145,0.01713,0.01407,0.00018,0.00880,0.01382,0.00567,0.01285,16.69661,16.34933,8.93590,18.26027,17.33406,19.16582,19.53960,30.10616,30.81031,27.74627,33.55445,30.94253,34.72428,34.59736,0.91780,1.75535,1.19568,1.52444,1.03572,1.23115,1.19818
1/27/2021,20.46847,-0.10000,1.00000,3.35000,"50,000",1.43533,"1,551",0.25145,-0.0358,-0.0104,-0.02492,-0.02828,-0.04456,-0.04753,-0.02531,0.01651,0.01769,0.00015,0.00970,0.01508,0.00549,0.01187,16.65970,16.57845,8.74830,18.35799,17.42141,19.13414,19.46067,30.07069,30.83910,27.71324,33.52480,30.88405,34.68348,34.57117,0.89000,1.74366,1.16620,1.49175,0.99440,1.17455,1.17133
1/28/2021,20.43599,-0.28000,1.50000,3.19000,0,0.32496,"1,553",0.62964,-0.0496,-0.0187,-0.02170,-0.05365,-0.06902,-0.06899,-0.05665,0.01931,0.00939,0.00022,0.01182,0.00850,0.00681,0.00878,16.81617,15.94497,9.16952,18.55557,16.84831,19.37834,19.15862,30.02217,30.80804,27.69794,33.45575,30.81370,34.62787,34.50249,0.85340,1.69373,1.14693,1.42081,0.92609,1.09064,1.10416
1/29/2021,20.47923,-0.49000,7.00000,3.21000,"100,000",0.17825,"1,651",0.48681,0.0130,0.0144,0.00000,0.02394,-0.01111,0.02217,0.01342,0.01517,0.01000,0.00000,0.01075,0.01244,0.00615,0.01142,16.57484,16.00754,,18.46037,17.22894,19.27599,19.42228,30.03466,30.84932,27.69794,33.45783,30.80400,34.65572,34.55075,0.86555,1.73226,1.14693,1.44795,0.92497,1.11601,1.12883
2/1/2021,20.23410,1.31000,0.00000,3.58000,"350,000",-0.32000,"1,817",0.35606,-0.0352,-0.0057,-0.00018,-0.01778,-0.05753,-0.03399,-0.03642,0.01319,0.00851,0.00001,0.00846,0.01192,0.00456,0.00863,16.43522,15.84663,5.70378,18.22169,17.18589,18.97782,19.14205,29.99022,30.85519,27.67580,33.46220,30.73576,34.64137,34.51811,0.84265,1.71265,1.13787,1.43290,0.86927,1.08054,1.09147
2/2/2021,20.21894,1.11000,-4.00000,3.25000,"-250,000",-0.53955,"1,850",0.35203,0.0008,0.0063,0.02309,0.01129,-0.00030,0.02521,0.01133,0.00944,0.00688,0.00000,0.00784,0.01059,0.00466,0.00859,16.10098,15.63377,4.60517,18.14537,17.06777,18.99854,19.13672,29.99056,30.87760,27.71162,33.49475,30.72393,34.68447,34.56605,0.82994,1.72516,1.16479,1.44612,0.86665,1.10805,1.11045
2/3/2021,20.34140,1.00000,-4.00000,3.03000,0,0.08375,"1,882",0.50492,0.0314,0.0203,0.01506,0.02184,0.04053,0.05335,0.02808,0.01097,0.00624,0.00037,0.00895,0.00763,0.00527,0.01038,16.25107,15.53660,9.66142,18.27753,16.73956,19.12233,19.32597,30.02761,30.91491,27.72204,33.51168,30.77275,34.72261,34.59189,0.84067,1.75516,1.17830,1.46919,0.89744,1.16399,1.14178
2/4/2021,20.01465,0.38000,-0.50000,3.52000,"-100,000",0.10879,"1,948",0.60148,-0.0056,0.0009,-0.02311,0.00485,0.00765,0.01232,0.00829,0.00799,0.00707,0.00024,0.00686,0.00587,0.00355,0.00684,15.93412,15.66174,9.22029,18.01093,16.47700,18.72746,18.90908,30.02403,30.87628,27.68406,33.52073,30.77356,34.72226,34.58646,0.82757,1.75766,1.14948,1.47936,0.90752,1.17497,1.14556
2/5/2021,20.07256,0.50000,5.50000,3.55000,"125,000",-0.02686,"1,957",0.24140,0.0165,-0.0060,0.00982,0.00763,0.01457,0.02290,0.01260,0.01221,0.00607,0.00017,0.00642,0.00930,0.00427,0.00716,16.35781,15.50852,8.89563,17.94534,16.93753,18.91146,18.95445,30.04763,30.85238,27.70989,33.52805,30.77654,34.74168,34.60099,0.84886,1.74777,1.16386,1.48954,0.91518,1.20011,1.15944
2/8/2021,20.35176,1.22000,-3.00000,3.47000,"150,000",0.42231,"2,001",0.45262,-0.0190,-0.0179,-0.00045,-0.01644,-0.03927,-0.03122,-0.02590,0.01067,0.00935,0.00023,0.00867,0.01721,0.00544,0.00887,16.22275,15.94045,9.17988,18.24582,17.55296,19.15243,19.17020,30.01534,30.82490,27.70817,33.49558,30.72151,34.69797,34.55543,0.83927,1.71912,1.16293,1.46938,0.88248,1.15978,1.13083
2/9/2021,20.02485,0.53000,-6.00000,3.34000,0,0.86647,"2,050",0.12271,0.0248,0.0097,0.02645,0.01845,0.02631,0.02702,0.01922,0.00752,0.00509,0.00021,0.00636,0.00784,0.00407,0.00654,15.87283,15.35874,9.08251,17.93613,16.76728,18.86395,18.86804,30.04881,30.86899,27.74636,33.52177,30.75994,34.72982,34.58740,0.86125,1.73907,1.19418,1.49531,0.90952,1.19291,1.15265
2/17/2021,20.12248,3.25000,-7.50000,3.49000,"-150,000",0.96517,"2,311",0.23536,0.0393,0.0135,0.02322,0.02466,0.03975,0.03493,0.03885,0.00864,0.00539,0.00090,0.00732,0.01553,0.00430,0.00701,16.01231,15.41466,10.55841,18.07701,17.45071,18.91753,18.93728,30.10007,30.88873,27.76213,33.54654,30.81799,34.76690,34.62332,0.89287,1.76024,1.21541,1.52505,0.94433,1.23582,1.19734
2/18/2021,20.20905,-0.41000,5.00000,2.96000,"-350,000",1.32928,"2,329",0.23536,0.0078,0.0098,0.00591,0.00968,0.00951,-0.00046,0.01100,0.00949,0.00626,0.00038,0.00737,0.00791,0.00434,0.00824,16.10629,15.56473,9.69277,18.08365,16.77527,18.92655,19.09947,30.11781,30.89672,27.76638,33.56966,30.84753,34.77816,34.64141,0.90208,1.78026,1.22120,1.54087,0.95895,1.23833,1.21527
2/19/2021,20.14800,-1.02000,1.00000,3.35000,"-250,000",1.51717,"2,347",0.16093,0.0154,-0.0008,-0.00096,0.00109,-0.00666,0.00800,0.00593,0.00776,0.00616,0.00281,0.00618,0.00611,0.00533,0.00677,15.90432,15.54886,11.69857,17.90776,16.51748,19.13320,18.90207,30.12427,30.92015,27.76568,33.56607,30.84443,34.78199,34.63769,0.92122,1.78073,1.22024,1.53791,0.95500,1.24645,1.22470
2/22/2021,20.23057,2.33000,-4.50000,3.37000,"25,000",1.76294,"2,383",0.60148,-0.0008,0.0017,0.00206,0.00163,-0.01027,0.00395,0.00682,0.00818,0.00645,0.00028,0.00767,0.01817,0.00488,0.00786,15.95688,15.59530,9.38429,18.12261,17.60771,19.04436,19.05249,30.12858,30.91437,27.75090,33.56294,30.82638,34.77960,34.64493,0.92243,1.78752,1.21646,1.53685,0.94228,1.25090,1.22792
2/23/2021,20.21687,0.13000,7.50000,2.67000,"300,000",2.49271,"2,392",0.04023,0.0093,0.0047,-0.00992,0.00403,0.01740,0.00778,0.00145,0.00780,0.00964,0.00037,0.00637,0.00966,0.00612,0.00666,15.90940,15.99693,9.66142,17.93681,16.97523,19.27030,18.88575,30.13746,30.93092,27.74309,33.55486,30.81475,34.78395,34.64396,0.93191,1.80427,1.20602,1.53837,0.94185,1.26061,1.22805
2/24/2021,20.21253,1.67000,-4.00000,3.10000,"-75,000",3.29854,"2,403",0.60148,-0.0176,-0.0196,-0.00486,-0.00402,-0.00653,-0.01100,-0.01099,0.00872,0.00865,0.00147,0.00884,0.00832,0.00519,0.00734,16.02120,15.88824,11.04930,18.26537,16.82593,19.10521,18.98376,30.11633,30.91252,27.73886,33.55306,30.79469,34.76890,34.62681,0.91517,1.77015,1.20249,1.53688,0.93058,1.24459,1.21619
2/25/2021,20.04983,-0.16000,0.00000,3.00000,"-25,000",3.03796,"2,412",0.60148,0.0073,-0.0024,0.00804,0.00863,0.01109,0.00478,-0.00081,0.00961,0.00509,0.00059,0.00653,0.00586,0.00438,0.00667,16.11823,15.35772,10.14250,17.96235,16.47514,18.93589,18.88742,30.13303,30.93688,27.76018,33.56150,30.79033,34.77134,34.62758,0.91996,1.78174,1.21519,1.54297,0.93684,1.25046,1.21494
2/26/2021,20.14226,-2.46000,-1.00000,3.10000,"-100,000",3.35099,"2,421",0.45664,0.0117,0.0026,0.00402,0.01002,0.01554,0.00085,0.00303,0.00861,0.00572,0.00014,0.01089,0.00755,0.00464,0.00667,16.00865,15.47499,8.68271,18.47372,16.72909,18.99511,18.88844,30.14407,30.93567,27.75971,33.57608,30.79939,34.77565,34.62397,0.92778,1.79102,1.21778,1.55355,0.94772,1.25400,1.21749
3/1/2021,20.29774,-0.73000,7.50000,2.66000,"-100,000",3.72249,"2,448",0.00201,0.0132,-0.0024,-0.00879,0.01485,0.00565,0.02761,0.01456,0.01314,0.00388,0.00019,0.00811,0.01088,0.00625,0.00739,16.43142,15.08516,8.99962,18.17901,17.09449,19.29213,18.99066,30.16493,30.92790,27.75721,33.58618,30.81264,34.79552,34.63128,0.93925,1.78188,1.20876,1.56614,0.95623,1.28601,1.23345
3/2/2021,20.18043,-0.99000,3.50000,2.62000,"-150,000",3.33636,"2,448",0.31180,0.0158,0.0075,0.00218,0.00782,-0.00650,0.00521,0.00070,0.01634,0.00615,0.00022,0.00799,0.00901,0.00491,0.00632,16.64922,15.54725,9.14846,18.16418,16.90563,19.05141,18.83591,30.18810,30.92931,27.75875,33.58868,30.80961,34.79848,34.62960,0.95296,1.79284,1.21084,1.57676,0.95251,1.29364,1.23108
3/3/2021,20.27205,1.37000,5.00000,3.62000,"-100,000",3.12296,"2,475",0.51297,0.0248,0.0022,0.00000,0.01679,0.02840,0.01240,0.01099,0.02098,0.00670,0.00004,0.00928,0.00996,0.00448,0.00837,16.89910,15.63232,7.54961,18.31396,17.00662,18.95818,19.11648,30.20512,30.91463,27.75875,33.59080,30.82933,34.79825,34.62990,0.97024,1.79889,1.21084,1.59591,0.96826,1.30577,1.23991
3/4/2021,20.34188,2.67000,-4.50000,3.32000,0,2.74913,"2,482",0.48681,-0.0131,-0.0096,0.02391,-0.00127,-0.01834,-0.01765,-0.01618,0.01830,0.00541,0.00012,0.00930,0.00910,0.00587,0.00801,16.76230,15.41895,8.55641,18.31568,16.91566,19.22861,19.07333,30.19257,30.91165,27.77418,33.57068,30.81767,34.77853,34.61503,0.94330,1.79327,1.24230,1.58421,0.94801,1.28152,1.21668
3/5/2021,20.18158,2.62000,7.00000,3.13000,"-500,000",2.94692,"2,488",0.48681,0.0125,0.0136,-0.00645,0.00882,0.00422,0.00684,0.00814,0.01738,0.00490,0.00059,0.00708,0.00524,0.00472,0.00614,16.71074,15.31968,10.14250,18.04347,16.36327,19.01093,18.80716,30.22474,30.91075,27.76961,33.57271,30.80950,34.77637,34.60899,0.95923,1.79969,1.23603,1.59450,0.94977,1.28908,1.22019
3/8/2021,20.28237,-1.12000,10.00000,2.85000,0,3.11887,"2,512",0.07041,0.0163,0.0093,0.00658,0.01105,0.00449,0.00816,0.01631,0.01716,0.00645,0.00058,0.00973,0.00934,0.00415,0.00803,16.69843,15.59472,10.12663,18.36142,16.94163,18.88354,19.07503,30.24548,30.89517,27.77418,33.57448,30.82381,34.77155,34.60743,0.96483,1.80697,1.24230,1.60562,0.95795,1.29625,1.23314
3/9/2021,20.23571,-0.72000,7.50000,3.36000,"-375,000",2.57690,"2,524",0.25145,0.0063,0.0069,-0.01721,0.00173,0.01392,0.00074,0.00777,0.01905,0.00876,0.00006,0.00789,0.01214,0.00416,0.00796,16.80256,15.90110,7.90101,18.15087,17.20430,18.88556,19.06668,30.25110,30.89213,27.74594,33.56855,30.83688,34.76836,34.60587,0.97182,1.80415,1.21962,1.60712,0.96939,1.29633,1.24439
3/10/2021,20.41332,0.38000,1.50000,2.72000,"255,000",2.27721,"2,526",0.33594,0.0004,-0.0005,0.00108,0.00420,0.01189,0.01021,0.00572,0.01485,0.00706,0.00018,0.00784,0.02152,0.00789,0.00662,16.55338,15.68548,8.96188,18.14453,17.77674,19.52491,18.88271,30.24842,30.87530,27.74673,33.56799,30.87750,34.77738,34.61744,0.97707,1.80549,1.22067,1.60945,0.99098,1.30859,1.25415
3/11/2021,20.31220,1.73000,0.50000,2.82000,"470,000",2.35755,"2,529",0.40233,0.0027,-0.0093,-0.02284,0.00604,-0.00436,0.02152,0.00777,0.01647,0.00645,0.00026,0.00855,0.00911,0.00652,0.00754,16.65740,15.59488,9.31470,18.23189,16.91726,19.33468,19.01236,30.25666,30.87677,27.73071,33.58035,30.87254,34.79506,34.61999,0.97531,1.78843,1.18831,1.62200,0.98595,1.33317,1.26621
3/12/2021,20.29167,-0.41000,-11.00000,2.80000,"-250,000",2.32074,"2,533",0.22128,0.0021,-0.0008,0.03009,0.00452,-0.00244,0.00007,0.00376,0.01326,0.00594,0.00034,0.00730,0.00973,0.00544,0.00897,16.44068,15.51290,9.57498,18.07425,16.98260,19.15310,19.18681,30.26421,30.88020,27.75662,33.58312,30.86122,34.79474,34.61983,0.98411,1.78423,1.22812,1.62266,0.98199,1.33335,1.26972
3/15/2021,20.35980,-0.34000,9.00000,2.84000,"100,000",2.47599,"2,554",0.33594,0.0206,0.0088,0.01075,0.01193,0.02740,0.00524,0.01143,0.01486,0.01624,0.00018,0.00844,0.01400,0.00566,0.00874,16.55422,16.51787,8.94898,18.21896,17.34679,19.19250,19.16072,30.28516,30.88888,27.76433,33.58413,30.87854,34.79772,34.62198,1.00953,1.78622,1.23856,1.63176,1.00084,1.34120,1.27941
3/16/2021,20.38501,-0.49000,2.00000,2.98000,"-50,000",2.78357,"2,557",0.33594,0.0113,0.0004,0.01144,0.00357,-0.00546,-0.00857,0.00282,0.01928,0.00789,0.00009,0.00714,0.00784,0.00589,0.01028,16.81452,15.79680,8.24276,18.05215,16.76654,19.23320,19.32315,30.30710,30.88310,27.77176,33.58636,30.87772,34.79158,34.61936,1.03239,1.78979,1.25774,1.63293,0.99773,1.32887,1.28196
3/17/2021,20.39588,-0.39000,0.00000,2.91000,0,2.89515,"2,560",0.51297,0.0120,0.0099,0.00078,0.00851,-0.01516,0.00965,-0.00031,0.01596,0.01230,0.00201,0.00643,0.00725,0.00636,0.00947,16.62552,16.24025,11.36558,17.95573,16.68905,19.31051,19.24228,30.30402,30.88878,27.78179,33.58952,30.86841,34.80513,34.61632,1.04750,1.80297,1.25626,1.63991,0.98062,1.34209,1.28661
3/18/2021,20.30637,-4.72000,-2.50000,2.89000,"-150,000",3.02702,"2,567",0.33594,0.0042,0.0049,-0.02027,0.00628,0.00695,0.01492,0.00426,0.01425,0.00772,0.00033,0.00688,0.01499,0.00646,0.00757,16.51237,15.77442,9.54681,18.02432,17.41478,19.32614,19.02126,30.30079,30.88833,27.76785,33.59631,30.85896,34.82738,34.62498,1.05887,1.80832,1.22599,1.64704,0.98507,1.36167,1.29477
3/19/2021,20.35549,1.25000,-2.50000,2.73000,0,2.51960,"2,570",0.00402,-0.0100,0.0084,0.01674,-0.00065,-0.00684,0.00190,0.00506,0.01270,0.00654,0.00010,0.00814,0.01387,0.00563,0.00913,16.39690,15.60897,8.36637,18.19253,17.33763,19.18971,19.20928,30.29794,30.88725,27.77858,33.60003,30.86834,34.81786,34.62550,1.03838,1.81136,1.24940,1.64774,0.98700,1.36071,1.29658
3/22/2021,20.40752,0.09000,5.00000,2.66000,"-50,000",2.22587,"2,572",0.33594,0.0077,0.0048,0.02229,0.00259,0.00081,-0.00492,0.00756,0.01161,0.01082,0.00155,0.00644,0.01102,0.00670,0.01025,16.30772,16.11222,11.10796,17.95839,17.10764,19.36311,19.32462,30.31116,30.88981,27.79435,33.59394,30.86226,34.82097,34.62842,1.04698,1.81063,1.27131,1.64874,0.98496,1.35602,1.29773
3/23/2021,20.36854,-3.83000,-3.50000,2.48000,"150,000",1.92520,"2,575",0.00402,-0.0019,-0.0056,0.02289,0.00208,-0.00005,-0.01180,-0.01082,0.01347,0.01622,0.00092,0.00841,0.00846,0.00564,0.01008,16.45633,16.51656,10.58406,18.22539,16.84319,19.19141,19.30812,30.30223,30.89681,27.81134,33.59045,30.84398,34.80542,34.61909,1.04169,1.79639,1.29532,1.64848,0.97668,1.33775,1.27887
3/24/2021,20.44269,3.62000,4.50000,2.74000,"-100,000",1.42912,"2,576",0.33594,-0.0188,-0.0003,0.00000,-0.00669,-0.02484,-0.02598,-0.01164,0.01274,0.01628,0.00082,0.00992,0.01371,0.00622,0.00940,16.40029,16.52689,10.46880,18.39028,17.32570,19.32263,19.23791,30.28236,30.89724,27.81134,33.57377,30.81493,34.79840,34.61035,1.01781,1.79654,1.29532,1.63856,0.95587,1.30382,1.25568
3/25/2021,20.33277,-2.46000,6.50000,2.86000,"-20,000",1.25110,"2,579",0.51297,-0.0034,-0.0025,-0.02146,0.00052,-0.00390,0.00205,0.00381,0.01195,0.00904,0.00026,0.01020,0.00792,0.00448,0.01063,16.33668,15.93898,9.33256,18.41757,16.77715,18.99404,19.36101,30.27593,30.89017,27.79694,33.57160,30.80676,34.80028,34.61635,1.01213,1.78747,1.26486,1.64305,0.95196,1.30710,1.26133
3/26/2021,20.40206,2.62000,6.00000,3.19000,"-180,000",0.58738,"2,586",0.00201,-0.0070,-0.0070,-0.01498,-0.00739,-0.00780,0.00492,-0.00684,0.01237,0.01114,0.00031,0.00922,0.00968,0.00584,0.00987,16.37116,16.14794,9.51044,18.31698,16.97774,19.25815,19.28738,30.26956,30.89227,27.78498,33.57507,30.79847,34.80193,34.61805,1.00417,1.77393,1.24816,1.63849,0.94549,1.31187,1.25674
3/29/2021,20.35443,0.41000,0.50000,2.30000,"-130,000",0.74901,"2,594",0.00201,0.0217,0.0068,-0.00196,0.02075,0.03181,0.01853,0.01686,0.01584,0.01211,0.00017,0.00890,0.01747,0.00554,0.00932,16.61840,16.23097,8.90924,18.28132,17.56915,19.20715,19.22931,30.29524,30.89515,27.78347,33.58313,30.83676,34.81643,34.62663,1.02807,1.78295,1.24607,1.66747,0.97113,1.33470,1.27144
3/30/2021,20.49766,-0.84000,3.00000,3.09000,"-320,000",1.14389,"2,594",0.00201,0.0045,0.0115,0.00592,0.01076,0.01720,0.01167,0.00723,0.01278,0.03027,0.00077,0.01008,0.01821,0.00713,0.00896,16.40324,17.14724,10.40729,18.40589,17.61024,19.45881,19.19232,30.29827,30.92493,27.78798,33.58964,30.83658,34.82813,34.64157,1.02763,1.80997,1.25234,1.68059,0.97908,1.35010,1.27586
3/31/2021,20.42869,-1.40000,3.50000,2.78000,"-350,000",1.03920,"2,594",0.60148,0.0039,0.0008,-0.01550,0.00177,-0.00152,0.01329,0.00064,0.02405,0.01869,0.00004,0.00855,0.00851,0.00579,0.01121,17.03564,16.66498,7.37776,18.24132,16.84970,19.25087,19.41599,30.30977,30.91953,27.77591,33.60141,30.83621,34.83522,34.64647,1.01639,1.80675,1.23564,1.68466,0.96791,1.36605,1.27710
4/1/2021,20.33888,2.12000,-1.00000,2.59000,"400,000",1.02354,"2,603",0.12271,0.0110,-0.0021,-0.00407,0.00143,0.00582,0.02427,0.00933,0.01530,0.01090,0.00044,0.00929,0.00897,0.00565,0.00852,16.58332,16.12602,9.84161,18.32394,16.90225,19.22617,19.14109,30.32929,30.92591,27.77287,33.61182,30.84337,34.85682,34.67208,1.03554,1.80933,1.23146,1.68664,0.97179,1.39850,1.29202
4/2/2021,20.34628,0.00000,-0.50000,2.69000,"450,000",1.02302,"2,617",0.33594,-0.0061,-0.0083,0.00412,0.00199,0.00655,0.00701,-0.00063,0.01836,0.01303,0.00008,0.00754,0.01788,0.00622,0.00771,16.76600,16.30435,8.18869,18.11600,17.59195,19.32157,19.04275,30.32405,30.91157,27.77591,33.61713,30.86276,34.86895,34.67714,1.02410,1.79582,1.23564,1.68804,0.98184,1.40898,1.29298
4/5/2021,20.34477,-2.71000,-2.50000,2.53000,"-250,000",1.21579,"2,631",0.48681,0.0034,0.0142,0.00048,0.00542,0.00465,0.00777,0.00702,0.03534,0.01506,0.00003,0.00648,0.01422,0.00579,0.00864,17.42057,16.44895,7.09008,17.96445,17.36283,19.24989,19.15633,30.31720,30.93467,27.77315,33.61888,30.86570,34.88661,34.68762,1.02546,1.79556,1.23509,1.69027,0.98520,1.42233,1.30097
4/6/2021,20.38467,0.59000,0.50000,2.84000,"150,000",1.12331,"2,637",0.04023,0.0021,-0.0051,0.01406,0.00211,0.02293,0.00200,0.00316,0.02382,0.01684,0.00018,0.00780,0.00992,0.00634,0.00872,17.02632,16.56080,8.93590,18.15022,17.00339,19.34087,19.16629,30.32127,30.90958,27.78375,33.61727,30.85836,34.89320,34.69579,1.03212,1.77701,1.24970,1.69022,1.00348,1.42615,1.30042
4/7/2021,20.40054,0.42000,-4.00000,2.58000,0,1.19225,"2,648",0.04023,0.0251,0.0098,0.00000,0.01554,0.01831,0.00739,0.00539,0.02343,0.01634,0.00024,0.01058,0.01158,0.00514,0.00903,17.00956,16.53055,9.24956,18.45412,17.15733,19.13199,19.20123,30.34979,30.93162,27.78375,33.62268,30.87238,34.89426,34.69731,1.05408,1.78994,1.24970,1.70956,1.01420,1.43713,1.30641
4/8/2021,20.32388,0.04000,-4.00000,2.66000,0,1.27784,"2,659",0.60148,-0.0038,0.0021,0.00193,0.00515,0.00112,0.00097,0.00296,0.02427,0.01215,0.00001,0.00880,0.01343,0.00443,0.01000,17.04500,16.23461,5.99146,18.27007,17.30586,18.98335,19.30275,30.34061,30.92596,27.78525,33.61944,30.87932,34.88321,34.69146,1.04397,1.80019,1.25179,1.71480,1.01490,1.43381,1.30811
4/9/2021,20.42325,-0.25000,-4.00000,2.51000,0,1.36192,"2,668",0.16093,0.0073,0.0037,-0.01341,0.00382,0.01108,0.00010,0.00879,0.02597,0.01294,0.00003,0.00831,0.02555,0.00475,0.01062,17.11267,16.29715,7.24423,18.21277,17.94918,19.05310,19.36279,30.35061,30.91762,27.77467,33.62169,30.89364,34.87548,34.68937,1.04726,1.79785,1.23718,1.71471,1.02606,1.43076,1.31603
4/12/2021,20.59686,0.33000,2.50000,2.59000,0,1.95936,"2,693",0.07041,0.0161,0.0068,-0.00978,0.00983,0.03220,0.01920,0.01742,0.02553,0.01078,0.00053,0.01003,0.02439,0.00654,0.01088,17.09547,16.11460,10.03012,18.40098,17.90250,19.37247,19.38747,30.36225,30.91840,27.75550,33.63631,30.94227,34.89193,34.71998,1.05480,1.79082,1.22340,1.72193,1.06296,1.45703,1.33324
4/13/2021,20.76328,0.39000,-2.50000,2.57000,"-50,000",2.48340,"2,705",0.60148,0.0024,0.0061,-0.00592,-0.00349,-0.01143,-0.01600,-0.01199,0.02641,0.02297,0.00021,0.01309,0.02412,0.00701,0.01563,17.12935,16.87155,9.12696,18.66813,17.89163,19.44146,19.74944,30.35521,30.91608,27.75084,33.62293,30.92922,34.87667,34.73932,1.05368,1.78988,1.21714,1.71332,1.05175,1.43317,1.31794
4/14/2021,20.55725,2.91000,2.00000,2.90000,"100,000",2.55308,"2,714",0.24140,0.0193,0.0106,0.02669,0.01476,0.00848,0.00650,0.00832,0.02477,0.01822,0.00004,0.01216,0.02052,0.00491,0.01296,17.06517,16.63950,7.37776,18.59536,17.72969,19.08597,19.56168,30.37154,30.91609,27.78884,33.64373,30.92505,34.88604,34.73605,1.06701,1.80046,1.24965,1.72759,1.05323,1.44368,1.32248
4/15/2021,20.50430,0.36000,-9.00000,2.54000,"15,000",2.44997,"2,733",0.29370,0.0012,0.0007,-0.02987,-0.00177,-0.00402,-0.01308,-0.00998,0.02383,0.01299,0.00013,0.01238,0.02042,0.00580,0.01003,17.02643,16.30149,8.63052,18.61284,17.72518,19.25263,19.30612,30.37114,30.90135,27.74655,33.65108,30.91108,34.87168,34.73365,1.06486,1.78830,1.21203,1.71883,1.04299,1.42445,1.30683
4/16/2021,20.70867,-0.17000,-2.00000,2.31000,"150,000",1.78670,"2,758",0.12271,-0.0243,-0.0001,-0.00813,-0.01428,-0.03404,-0.01725,-0.01623,0.02227,0.02194,0.00020,0.01207,0.01873,0.00625,0.01641,16.95871,16.82536,9.05952,18.58756,17.63839,19.32597,19.79794,30.34974,30.88468,27.74028,33.64296,30.88084,34.85692,34.74304,1.03976,1.77126,1.20368,1.69915,1.00257,1.39932,1.29393
4/19/2021,20.53154,0.28000,-3.00000,2.64000,"540,000",1.42999,"2,785",0.48681,0.0171,-0.0109,0.03549,0.00518,0.00323,0.01877,0.00773,0.02068,0.02897,0.00014,0.01041,0.02050,0.00491,0.01278,16.88504,17.10328,8.71604,18.44586,17.72904,19.08449,19.54765,30.37701,30.88333,27.76462,33.67505,30.89039,34.87813,34.75841,1.06486,1.75041,1.24752,1.71372,1.01167,1.42587,1.31001
4/20/2021,20.52906,-0.48000,-4.50000,2.44000,"-190,000",1.23440,"2,791",0.60148,-0.0017,0.0091,0.00000,-0.00617,-0.01494,-0.00445,-0.00643,0.01860,0.03867,0.00006,0.01007,0.01193,0.00571,0.01226,16.77902,17.39232,7.90101,18.41194,17.18769,19.23634,19.50614,30.36381,30.89185,27.76462,33.66931,30.86936,34.88855,34.76686,1.06306,1.76128,1.24752,1.70548,0.99732,1.42408,1.31015
4/22/2021,20.47409,-1.17000,0.50000,2.37000,"40,000",0.50166,"2,812",0.07041,-0.0282,0.0083,-0.02415,-0.02646,-0.04146,-0.03142,-0.03073,0.01756,0.01742,0.00005,0.00873,0.01755,0.00620,0.01067,16.72109,16.59482,7.74066,18.26928,17.57279,19.31925,19.36746,30.32176,30.88736,27.74720,33.64298,30.80889,34.85884,34.73090,1.03790,1.75125,1.21569,1.66771,0.95643,1.38058,1.27083
4/23/2021,20.36673,0.71000,-2.00000,2.06000,"-80,000",0.17697,"2,824",0.48681,0.0186,0.0085,0.00309,0.00369,0.00756,0.02277,0.01310,0.01565,0.01174,0.00004,0.00875,0.01141,0.00580,0.00936,16.60585,16.20004,7.49554,18.27219,17.14294,19.25120,19.23659,30.34413,30.89836,27.74954,33.66031,30.81550,34.88179,34.74120,1.05473,1.76025,1.21882,1.67508,0.95918,1.41047,1.28626
4/26/2021,20.41449,-0.46000,-6.00000,2.60000,"-250,000",-0.08256,"2,843",0.60148,-0.0144,-0.0198,0.01694,-0.02057,-0.00570,-0.01909,-0.02238,0.01314,0.02471,0.00039,0.00974,0.01515,0.00564,0.01039,16.43129,16.94428,9.72913,18.37949,17.42635,19.22296,19.34076,30.31700,30.88513,27.76078,33.64763,30.81429,34.85505,34.70972,1.03637,1.72869,1.24230,1.65113,0.95715,1.38284,1.26339
4/27/2021,20.22507,0.77000,-3.00000,2.68000,"150,000",-0.34091,"2,852",0.45664,-0.0024,0.0035,-0.03310,-0.00138,-0.00688,-0.00049,-0.00272,0.00844,0.01358,0.00003,0.00872,0.00616,0.00527,0.00786,15.98807,16.34556,7.24423,18.26820,16.52721,19.15630,19.06541,30.31222,30.88657,27.71774,33.65822,30.81313,34.85719,34.71967,1.03161,1.73112,1.19877,1.65630,0.95329,1.38352,1.26179
4/28/2021,20.22502,0.85000,-0.50000,2.80000,0,-0.44421,"2,857",0.55119,-0.0072,0.0274,0.00887,0.01218,0.00675,0.00828,0.00697,0.01235,0.01241,0.00004,0.00654,0.00597,0.00543,0.00870,16.36959,16.25538,7.54961,17.98107,16.49510,19.18650,19.16724,30.31829,30.93711,27.74117,33.65914,30.82104,34.86663,34.72677,1.02626,1.76864,1.21108,1.67376,0.95875,1.39624,1.27037
4/29/2021,20.28243,0.78000,-1.00000,2.49000,0,-0.28853,"2,865",0.43451,0.0071,0.0068,0.00852,0.00096,0.00299,0.00876,0.00282,0.01078,0.01441,0.00009,0.00948,0.00606,0.00669,0.00687,16.23315,16.40536,8.24276,18.35217,16.51066,19.39450,18.93139,30.33079,30.94742,27.74744,33.66854,30.81943,34.88148,34.72689,1.03958,1.79097,1.21943,1.67315,0.96026,1.40963,1.27462
5/4/2021,20.48580,0.83000,8.00000,2.14000,0,-0.25592,"2,985",0.00603,0.0012,-0.0149,-0.00711,-0.00602,-0.02224,-0.00410,-0.01201,0.01318,0.01350,0.00007,0.01022,0.01663,0.00710,0.01041,16.43452,16.33972,7.93737,18.42674,17.51979,19.45440,19.34761,30.34555,30.92517,27.73708,33.66968,30.79144,34.88955,34.73114,1.04614,1.76597,1.21083,1.66545,0.94437,1.40429,1.26578
5/5/2021,20.44417,0.08000,1.00000,2.76000,"10,000",-0.14682,"2,995",0.36612,0.0106,0.0140,0.01389,0.01112,0.01144,0.02100,0.01544,0.01350,0.01245,0.00024,0.00908,0.00954,0.00871,0.00701,16.45808,16.25918,9.22029,18.30980,16.96410,19.65832,18.95449,30.35382,30.92228,27.74657,33.66820,30.79825,34.91086,34.73974,1.05291,1.77230,1.23041,1.67605,0.94936,1.43011,1.27963
5/6/2021,20.39138,-0.87000,1.00000,1.91000,"40,000",0.00614,"3,030",0.48883,-0.0077,-0.0271,0.00375,-0.00566,-0.00938,-0.00066,-0.00172,0.01188,0.02124,0.00028,0.00905,0.00560,0.00677,0.00879,16.33059,16.79300,9.40096,18.30677,16.43084,19.40673,19.18030,30.34741,30.90717,27.74965,33.66207,30.78934,34.90744,34.73693,1.04700,1.73809,1.23106,1.67074,0.94387,1.42976,1.27907
5/7/2021,20.46883,0.19000,0.50000,2.11000,"270,000",-0.27925,"3,090",0.44055,0.0080,0.0085,-0.00482,-0.00529,-0.01370,-0.00206,-0.01399,0.01633,0.01856,0.00010,0.01042,0.00899,0.00774,0.00876,16.64870,16.65840,8.31874,18.44720,16.90438,19.54030,19.17753,30.36604,30.89979,27.74534,33.66520,30.76654,34.90249,34.72848,1.05817,1.72867,1.22594,1.66042,0.93263,1.42602,1.26288
5/10/2021,20.44730,0.04000,-8.50000,3.36000,"305,000",-0.33905,"3,412",0.53710,0.0040,-0.0111,0.00000,-0.00082,-0.01081,0.02544,-0.00799,0.01446,0.02210,0.00000,0.00964,0.01002,0.00812,0.00721,16.52709,16.83265,,18.36922,17.01307,19.58847,18.98178,30.38531,30.87696,27.74534,33.67716,30.75545,34.92153,34.72750,1.06246,1.70517,1.22594,1.65630,0.92381,1.45958,1.24945
5/11/2021,20.45069,0.23000,-9.00000,3.00000,"-45,000",0.13585,"3,489",0.56527,0.0114,0.0013,0.00409,0.00259,0.00630,0.00000,0.00376,0.01920,0.01217,0.00050,0.01096,0.01016,0.00733,0.00808,16.81082,16.23648,9.96646,18.49789,17.02694,19.48649,19.09647,30.39996,30.88015,27.74846,33.67396,30.76139,34.91936,34.72076,1.07572,1.71121,1.23011,1.66009,0.92797,1.46067,1.25189
5/12/2021,20.35296,0.77000,2.00000,2.68000,"-100,000",0.35575,"3,571",0.59142,0.0095,-0.0021,0.00000,0.00871,0.03946,0.01239,0.01427,0.01498,0.00768,0.00012,0.00891,0.00895,0.00718,0.00774,16.56233,15.77561,8.51719,18.29042,16.89978,19.46550,19.05285,30.42456,30.87794,27.74846,33.67984,30.81659,34.93299,34.72296,1.08547,1.71456,1.23011,1.67553,0.97544,1.47907,1.27074
5/13/2021,20.39326,-2.27000,10.00000,2.29000,"-60,000",0.49323,"3,658",0.56527,0.0033,0.0031,0.00303,-0.00096,-0.01840,0.00561,-0.00246,0.01343,0.00628,0.00001,0.00859,0.00874,0.00826,0.00674,16.45345,15.57440,6.21461,18.25419,16.87647,19.60520,18.91518,30.42762,30.87835,27.75080,33.67352,30.80788,34.93563,34.71409,1.08866,1.71282,1.23324,1.67162,0.95153,1.48593,1.26984
5/14/2021,20.45488,1.66000,4.00000,2.62000,"180,000",0.93692,"3,740",0.53308,-0.0051,-0.0183,-0.00501,0.00191,-0.00787,0.01007,0.00392,0.01578,0.00864,0.00002,0.01108,0.00968,0.00768,0.00830,16.61439,15.89385,6.80239,18.50854,16.97876,19.53247,19.12380,30.42639,30.87098,27.74690,33.67317,30.78931,34.94617,34.71327,1.08333,1.68809,1.22802,1.67462,0.94134,1.50375,1.27731
5/17/2021,20.55226,0.75000,-8.00000,2.63000,"120,000",0.77882,"4,212",0.14484,-0.0012,0.0110,-0.03464,-0.00137,-0.01028,-0.00744,-0.00549,0.01549,0.01294,0.00020,0.01125,0.00653,0.00886,0.00889,16.59586,16.29736,9.04782,18.52349,16.58540,19.67609,19.19370,30.41032,30.86875,27.72148,33.67306,30.76409,34.93909,34.71678,1.07627,1.67636,1.18404,1.67065,0.92859,1.49352,1.26895
5/18/2021,20.36941,-0.75000,5.00000,3.24000,"60,000",0.73579,"4,359",0.16898,0.0258,-0.0105,-0.03147,-0.00132,-0.00668,-0.00793,-0.01028,0.01392,0.01175,0.00012,0.01065,0.00546,0.00680,0.00812,16.48911,16.20087,8.55641,18.46869,16.40570,19.41167,19.10380,30.43834,30.86446,27.67931,33.68175,30.75069,34.93315,34.70485,1.11314,1.65210,1.14525,1.66635,0.92031,1.48027,1.26102
5/19/2021,20.37128,-2.05000,-9.50000,2.66000,"-180,000",0.68606,"4,512",0.25950,-0.0018,-0.0060,0.01968,-0.00332,-0.00086,0.01237,-0.00615,0.01229,0.00580,0.00029,0.00932,0.00532,0.00711,0.00781,16.36475,15.49479,9.42545,18.33535,16.38029,19.46082,19.06423,30.43596,30.86166,27.69254,33.69529,30.74851,34.94903,34.70450,1.11026,1.66414,1.17162,1.66088,0.92803,1.49938,1.25553
5/20/2021,20.42639,-1.55000,1.50000,2.93000,"80,000",0.34053,"4,720",0.59745,-0.0232,0.0037,0.00965,-0.00609,-0.01049,0.02374,-0.00567,0.01331,0.01210,0.00009,0.00854,0.00606,0.00777,0.00803,16.44449,16.23058,8.26873,18.24772,16.51050,19.54858,19.09209,30.41866,30.84451,27.69994,33.69716,30.73441,34.97046,34.71708,1.08982,1.68398,1.18101,1.65599,0.91988,1.53253,1.25710
5/21/2021,20.38309,1.33000,3.00000,2.75000,"100,000",0.28582,"4,809",0.10058,-0.0072,0.0160,-0.00833,0.00528,0.02125,0.00439,0.01929,0.01006,0.00899,0.00044,0.00856,0.00483,0.00742,0.00791,16.16448,15.93325,9.84161,18.25096,16.28424,19.50334,19.07686,30.40367,30.84394,27.69337,33.69233,30.74585,34.97485,34.72261,1.07733,1.70233,1.17266,1.66546,0.94012,1.53883,1.27633
5/24/2021,20.36717,2.02000,0.00000,2.67000,"-30,000",0.75958,"5,275",0.09253,0.0142,0.0123,0.02111,0.01069,0.01332,0.00716,0.01078,0.00952,0.00570,0.00003,0.00855,0.00509,0.00673,0.00891,16.10930,15.47845,7.24423,18.25741,16.33565,19.40622,19.19651,30.41983,30.85482,27.72638,33.70319,30.75769,34.98579,34.73133,1.09460,1.71830,1.19703,1.67680,0.94648,1.55107,1.28842
5/25/2021,20.34708,0.19000,-1.00000,2.78000,"20,000",0.78817,"5,404",0.46670,0.0066,-0.0014,0.02436,0.00135,0.00302,0.01784,-0.00268,0.01236,0.02346,0.00005,0.00936,0.00622,0.00629,0.00738,16.36995,16.89252,7.69621,18.34736,16.53539,19.33849,19.00780,30.43514,30.83997,27.76299,33.72350,30.76438,35.00283,34.72906,1.10457,1.70666,1.22641,1.67911,0.94813,1.57891,1.28644
5/26/2021,20.42526,0.22000,-6.50000,2.84000,"105,000",0.80112,"5,931",0.17501,-0.0065,-0.0125,-0.02429,-0.00210,-0.00312,0.02168,-0.00461,0.01181,0.02109,0.00019,0.00717,0.01272,0.00760,0.00787,16.32422,16.78590,9.02401,18.08117,17.25158,19.52793,19.07240,30.42561,30.82079,27.72394,33.73415,30.78097,35.01822,34.72805,1.09696,1.69154,1.19514,1.67925,0.95564,1.61240,1.28409
5/27/2021,20.42976,0.59000,-4.50000,2.85000,"-10,000",0.92980,"6,086",0.31381,-0.0138,-0.0123,0.02516,-0.00850,-0.01071,-0.00612,-0.00621,0.01118,0.00991,0.00005,0.00728,0.00516,0.00797,0.00838,16.26947,16.03068,7.69621,18.09740,16.34981,19.57602,19.13456,30.40484,30.79519,27.76082,33.72748,30.75847,35.00478,34.72208,1.08305,1.66967,1.22509,1.66847,0.94294,1.60072,1.27969
5/28/2021,20.50371,-0.74000,-1.00000,2.71000,"160,000",1.27330,"6,356",0.40434,-0.0018,0.0138,0.00214,0.00554,0.01174,0.02860,0.00819,0.01060,0.01130,0.00009,0.00962,0.00993,0.00910,0.00716,16.21764,16.16176,8.26873,18.37489,17.00443,19.70761,18.97842,30.40642,30.82351,27.76236,33.72984,30.75982,35.02998,34.72334,1.07263,1.68970,1.22718,1.67448,0.95091,1.64667,1.28695
5/31/2021,20.46631,0.60000,0.00000,2.30000,"500,000",1.23011,"7,107",0.35405,0.0065,-0.0155,0.00219,-0.00099,-0.01195,0.04596,-0.00200,0.01327,0.00548,0.00002,0.01243,0.00747,0.00833,0.00684,16.44247,15.43735,6.80239,18.63108,16.71935,19.62003,18.93227,30.40970,30.83024,27.76587,33.74849,30.75778,35.05143,34.70928,1.07613,1.66856,1.23001,1.67254,0.93416,1.71568,1.28267
6/1/2021,20.32369,0.93000,-9.00000,2.63000,"300,000",0.58028,"7,432",0.24341,-0.0061,-0.0274,0.00000,-0.00423,-0.00729,0.01370,-0.00196,0.01019,0.00744,0.00007,0.00814,0.00887,0.00768,0.00615,16.17820,15.74443,7.97247,18.20880,16.89063,19.53773,18.82533,30.40953,30.80117,27.76587,33.76550,30.75447,35.06094,34.72028,1.07363,1.63283,1.23001,1.66560,0.93010,1.73466,1.28064
6/2/2021,20.53301,1.10000,2.00000,2.70000,"-50,000",0.72043,"7,625",0.28766,-0.0041,0.0105,-0.00212,0.00690,0.02280,0.00901,0.00668,0.01091,0.00917,0.00023,0.01111,0.00967,0.00817,0.00909,16.24691,15.96534,9.17988,18.51965,16.97722,19.60055,19.21634,30.40320,30.82968,27.76434,33.75186,30.78679,35.06790,34.71649,1.05930,1.64093,1.22792,1.67472,0.95369,1.75264,1.28586
6/3/2021,20.67758,-0.04000,5.00000,3.00000,"-200,000",1.62185,"7,870",0.24341,0.0251,0.0183,0.00836,0.01715,0.03030,0.04998,0.01699,0.01609,0.01124,0.00027,0.00948,0.01591,0.00968,0.01019,16.63515,16.16829,9.36734,18.36144,17.47507,19.77005,19.33166,30.41767,30.86083,27.76989,33.76248,30.81188,35.09670,34.72712,1.08083,1.67264,1.23966,1.69489,0.97178,1.83345,1.30243
6/4/2021,20.69819,0.58000,3.50000,2.91000,"-125,000",2.22264,"8,063",0.33795,0.0171,0.0072,0.01709,0.00642,-0.00427,0.01321,0.00885,0.01891,0.00834,0.00029,0.00909,0.01769,0.00914,0.01048,16.79634,15.87036,9.42545,18.31984,17.58149,19.71194,19.35926,30.43900,30.86069,27.78203,33.76585,30.80310,35.09883,34.73580,1.10190,1.68108,1.25636,1.69715,0.96546,1.85250,1.31317
6/7/2021,20.63780,-0.40000,1.00000,3.02000,"-25,000",2.44641,"8,791",0.28163,0.0068,-0.0098,0.02062,-0.00220,-0.01365,-0.03586,-0.00440,0.01407,0.00631,0.00028,0.01098,0.01046,0.00921,0.00995,16.50119,15.59160,9.37585,18.50803,17.05628,19.72007,19.30707,30.44266,30.84725,27.77635,33.75163,30.77966,35.06612,34.74184,1.10622,1.66881,1.28075,1.68897,0.95166,1.78321,1.30786
6/8/2021,20.69641,0.73000,-80.00000,2.68000,"150,000",2.17886,"9,027",0.24743,-0.0249,-0.0074,0.02099,-0.01225,-0.01115,-0.05645,-0.01429,0.01093,0.00808,0.00001,0.00959,0.01268,0.00982,0.01150,16.24806,15.83810,5.70378,18.48329,17.24869,19.78409,19.45234,30.40421,30.82997,27.79136,33.84695,30.77171,35.02022,34.72338,1.07785,1.65427,1.31304,1.66876,0.94727,1.68781,1.28939
6/9/2021,20.55030,-0.16000,-12.00000,3.00000,"-100,000",2.18732,"9,222",0.41037,-0.0027,0.0061,-0.00766,0.00000,0.00244,0.03389,0.00090,0.01194,0.00678,0.00006,0.00906,0.01299,0.00844,0.00939,16.33662,15.66307,7.90101,18.42630,17.27236,19.63235,19.24950,30.39649,30.81935,27.78537,33.85054,30.77386,35.04524,34.72755,1.07459,1.67879,1.30469,1.67072,0.94765,1.74178,1.29355
6/10/2021,20.44342,0.46000,-1.50000,3.04000,"50,000",1.97411,"9,635",0.25548,0.0004,-0.0081,-0.02862,0.00052,0.00367,-0.00246,0.00326,0.01034,0.00644,0.00004,0.00696,0.00846,0.00739,0.00834,16.19238,15.61212,7.54961,18.16223,16.84427,19.49966,19.13050,30.40120,30.80566,27.76335,33.86711,30.77409,35.03275,34.71352,1.08130,1.68354,1.26124,1.67745,0.94734,1.73841,1.29593
6/11/2021,20.45154,0.17000,-1.50000,2.30000,"200,000",1.82497,"9,835",0.26151,0.0184,0.0083,0.00311,0.01060,0.00214,0.03477,0.01339,0.00830,0.00597,0.00013,0.00831,0.00710,0.00750,0.00869,15.97263,15.53520,8.63052,18.34055,16.66867,19.51424,19.17249,30.42554,30.81251,27.78347,33.88875,30.76933,35.06201,34.73053,1.10670,1.68566,1.25792,1.69377,0.94677,1.79869,1.31539
6/14/2021,20.48358,0.17000,-1.00000,2.76000,"-350,000",1.90768,"10,630",0.29571,-0.0083,-0.0007,0.02268,-0.00184,0.01555,0.01797,0.00664,0.01070,0.00691,0.00007,0.00708,0.01951,0.00722,0.00929,16.22705,15.68199,8.00637,18.17932,17.67916,19.47718,19.23843,30.41981,30.81715,27.79838,33.89560,30.79669,35.05938,34.74745,1.09481,1.69355,1.29021,1.69039,0.96173,1.82369,1.32998
6/15/2021,20.45447,1.13000,2.00000,2.91000,"50,000",2.05309,"10,881",0.41641,-0.0032,0.0154,0.02317,0.00549,0.00152,0.00281,0.00929,0.01051,0.00780,0.00017,0.00766,0.01165,0.00732,0.00860,16.20922,15.80292,8.92266,18.25825,17.16354,19.49050,19.16205,30.42158,30.83453,27.81440,33.89808,30.80776,35.05424,34.76377,1.09502,1.71308,1.32545,1.69846,0.95779,1.82314,1.34558
6/16/2021,20.52888,0.40000,3.00000,2.72000,"50,000",2.41505,"11,304",0.45463,-0.0022,-0.0032,0.00000,0.00211,0.00711,-0.00875,0.00427,0.00820,0.00575,0.00001,0.00934,0.01489,0.00727,0.00962,15.96045,15.49846,6.39693,18.45732,17.40939,19.48368,19.27336,30.41955,30.82945,27.81440,33.88580,30.82298,35.04268,34.75189,1.09322,1.71040,1.32545,1.70499,0.96578,1.80349,1.34680
6/17/2021,20.51007,-1.31000,2.50000,2.68000,"-400,000",2.61583,"11,794",0.36813,0.0011,0.0064,-0.02286,0.00971,0.02152,0.00840,0.00995,0.01002,0.00721,0.00023,0.00995,0.00846,0.00623,0.01029,16.16151,15.72464,9.17988,18.52025,16.84427,19.33003,19.34096,30.42278,30.83754,27.79749,33.88291,30.82857,35.04742,34.74774,1.09380,1.71620,1.28826,1.71917,0.98636,1.81753,1.35454
6/18/2021,20.53488,0.43000,17.50000,2.50000,"-50,000",2.84419,"12,150",0.37014,0.0231,0.0094,-0.00595,0.00813,0.02224,0.00560,0.00966,0.02309,0.00938,0.00008,0.01217,0.01191,0.00478,0.01114,16.99634,15.98736,8.18869,18.72190,17.18482,19.09008,19.43592,30.45617,30.86610,27.79302,33.90186,30.83226,35.08870,34.78950,1.11441,1.73303,1.28200,1.73361,1.01585,1.83219,1.36910
6/21/2021,20.48975,1.39000,10.00000,3.56000,"150,000",3.01541,"13,258",0.31583,0.0007,-0.0087,0.00417,0.00586,0.00751,-0.01031,0.00170,0.01564,0.00600,0.00049,0.01016,0.02599,0.00497,0.00938,16.60661,15.54049,9.96176,18.54161,17.96601,19.12744,19.26423,30.45454,30.85656,27.77595,33.89324,30.87585,35.07519,34.79249,1.10982,1.72621,1.28948,1.74035,1.02471,1.81054,1.37285
6/22/2021,20.46414,-0.09000,9.00000,2.95000,"75,000",2.91450,"13,530",0.29772,-0.0052,-0.0082,0.00394,-0.00089,-0.00715,0.00591,0.00268,0.01458,0.00455,0.00012,0.00922,0.01125,0.00625,0.00929,16.53675,15.26471,8.55641,18.44759,17.12881,19.35721,19.25736,30.44017,30.85022,27.77898,33.89594,30.85977,35.08632,34.79865,1.10538,1.71626,1.29365,1.73442,1.01400,1.82158,1.37426
6/23/2021,20.40679,0.38000,3.50000,3.02000,"150,000",2.12369,"13,782",0.25749,-0.0111,-0.0052,0.01450,-0.01121,-0.00470,0.00046,-0.01040,0.01352,0.00467,0.00034,0.01017,0.01054,0.00525,0.00930,16.46073,15.29107,9.59560,18.54643,17.06321,19.18335,19.25871,30.41627,30.84238,27.80547,33.89364,30.84017,35.09431,34.78996,1.08854,1.70679,1.31222,1.71916,1.01695,1.82484,1.35605
6/24/2021,20.21766,0.37000,0.00000,3.13000,"-100,000",1.27202,"13,989",0.35807,-0.0024,-0.0063,0.00000,-0.00523,-0.01567,-0.00212,-0.00719,0.01013,0.00403,0.00034,0.00809,0.00981,0.00487,0.00665,16.17272,15.14386,9.57498,18.31724,16.99181,19.11148,18.92306,30.41640,30.83903,27.80547,33.88465,30.82836,35.10068,34.79723,1.08950,1.69728,1.31222,1.71255,1.00526,1.82216,1.34846
6/25/2021,20.24203,0.62000,-6.50000,2.94000,0,1.12080,"14,323",0.26352,-0.0015,-0.0033,0.00399,0.00356,-0.00492,0.02130,0.00510,0.02097,0.00367,0.00007,0.00861,0.00551,0.00548,0.00629,16.89997,15.04810,8.03916,18.37946,16.41467,19.22926,18.86812,30.42380,30.83896,27.80842,33.88699,30.82644,35.11137,34.80436,1.09214,1.68446,1.31640,1.71996,0.99644,1.85960,1.35847
6/28/2021,20.41887,-1.50000,-5.00000,2.94000,"-25,000",1.79747,"15,740",0.39830,0.0061,0.0091,-0.01315,0.00489,-0.01541,0.01446,0.00287,0.01176,0.00475,0.00002,0.01219,0.00644,0.00649,0.00789,16.32135,15.30691,6.68461,18.72756,16.57030,19.39945,19.09352,30.43488,30.84619,27.78337,33.90460,30.81493,35.12826,34.81216,1.09715,1.69946,1.29810,1.73056,0.97143,1.88704,1.36485
6/29/2021,20.32912,0.08000,4.00000,3.16000,"-100,000",1.90187,"16,136",0.38422,0.0024,0.0021,-0.01357,-0.00006,0.01208,0.00054,-0.00083,0.01139,0.00398,0.00010,0.01028,0.00704,0.00616,0.00663,16.28987,15.13087,8.38936,18.55735,16.65948,19.34621,18.91962,30.43412,30.83968,27.77277,33.89744,30.82290,35.13087,34.82249,1.09937,1.69639,1.28349,1.72525,0.99036,1.88752,1.36509
6/30/2021,20.22243,-0.14000,0.50000,2.48000,"-100,000",1.61343,"16,507",0.47273,0.0022,0.0013,-0.00382,-0.00127,-0.02214,-0.00865,-0.00298,0.01229,0.01263,0.00006,0.00738,0.00508,0.00529,0.00707,16.36527,16.28484,7.90101,18.22568,16.33285,19.19510,18.98674,30.44522,30.83919,27.76556,33.89374,30.80298,35.12999,34.82417,1.10895,1.69475,1.27849,1.72233,0.96253,1.87460,1.36088
7/1/2021,20.47242,1.22000,2.00000,2.67000,"50,000",1.43085,"17,052",0.50693,0.0114,-0.0034,0.01205,0.00102,0.01271,0.02132,0.00276,0.01327,0.00491,0.00158,0.00984,0.00625,0.00732,0.00845,16.44225,15.34099,11.12136,18.51333,16.54081,19.51872,19.16462,30.45535,30.82978,27.77472,33.90249,30.80493,35.13720,34.82210,1.11988,1.70136,1.29101,1.72399,0.97619,1.91143,1.36631
7/2/2021,20.42435,0.33000,1.50000,2.65000,"275,000",1.29005,"17,727",0.39629,0.0110,0.0079,-0.00036,0.00250,-0.00360,0.01911,-0.00363,0.02000,0.00785,0.00135,0.00863,0.00708,0.00736,0.00733,16.85259,15.80949,10.96992,18.38234,16.66619,19.52497,19.02321,30.47058,30.83908,27.77494,33.89958,30.79640,35.14355,34.82005,1.13331,1.71058,1.28229,1.72510,0.97132,1.94809,1.36171
7/5/2021,21.02000,0.99000,3.00000,2.06000,"175,000",1.22658,"20,261",0.02816,-0.0042,0.0063,-0.03493,-0.00782,-0.02985,0.00427,-0.01308,0.01669,0.01248,0.00022,0.03421,0.00895,0.00909,0.01637,16.67160,16.27334,9.16952,19.75976,16.90029,19.73560,19.82616,30.48488,30.84705,27.74832,33.88553,30.76903,35.15185,34.80385,1.13774,1.72652,1.23474,1.71590,0.93749,1.95580,1.34432
7/6/2021,20.40420,-2.63000,-8.00000,2.89000,"50,000",0.62134,"21,312",0.01408,-0.0276,-0.0129,-0.02140,-0.01765,-0.01288,-0.05112,-0.02634,0.01254,0.00861,0.00017,0.00850,0.00576,0.00736,0.00781,16.38544,15.90138,8.90924,18.36685,16.45988,19.52454,19.08668,30.44566,30.82864,27.71962,33.84634,30.74960,35.10685,34.77178,1.10482,1.70797,1.20804,1.68929,0.93124,1.85617,1.30887
7/7/2021,20.52039,-1.10000,3.00000,2.53000,"50,000",-0.17718,"22,341",0.02012,-0.0053,-0.0101,0.00000,-0.00531,-0.00628,0.01569,-0.00294,0.01517,0.01739,0.00001,0.00992,0.00787,0.00815,0.00802,16.57640,16.60464,6.39693,18.52269,16.77180,19.62734,19.11266,30.45694,30.83319,27.71962,33.86502,30.72412,35.12892,34.79647,1.11521,1.70081,1.20804,1.68931,0.92169,1.88629,1.31242
7/8/2021,20.16870,0.69000,5.00000,1.97000,"75,000",-0.79649,"23,385",0.13076,0.0100,0.0076,-0.01290,-0.00121,0.00853,-0.00844,0.00010,0.01455,0.00638,0.00018,0.00829,0.00452,0.00555,0.00570,16.53440,15.60219,8.94898,18.34236,16.21670,19.24304,18.77153,30.46615,30.83088,27.71130,33.85233,30.73151,35.11907,34.77774,1.13471,1.70177,1.18788,1.68268,0.92648,1.86960,1.30872
7/9/2021,20.47305,1.43000,5.50000,2.69000,"-75,000",-1.33202,"24,810",0.23335,-0.0170,-0.0168,0.03091,-0.01352,-0.01369,-0.02828,-0.01880,0.01405,0.00858,0.00014,0.01001,0.00998,0.00725,0.00836,16.49975,15.89833,8.66561,18.53139,17.00983,19.51030,19.15508,30.44020,30.83335,27.74637,33.82784,30.68452,35.10241,34.75171,1.12038,1.68602,1.22708,1.66412,0.90606,1.82047,1.28776
7/12/2021,20.73084,-0.39000,-1.50000,2.09000,"-175,000",-1.61466,"30,478",0.27157,-0.0444,-0.0197,-0.01543,-0.04049,-0.04453,-0.05439,-0.03874,0.01395,0.01192,0.00020,0.01435,0.01029,0.01016,0.00918,16.49594,16.22689,9.05952,18.89135,17.04057,19.84782,19.24894,30.39652,30.80549,27.73547,33.78800,30.61814,35.05142,34.72064,1.07467,1.64565,1.20634,1.60838,0.86708,1.72132,1.24632
7/13/2021,20.14102,1.33000,1.50000,2.15000,0,-1.60135,"32,665",0.31985,0.0138,0.0076,0.01648,0.00799,0.02127,0.00968,0.01613,0.01348,0.00723,0.00004,0.00696,0.00472,0.00480,0.00676,16.46195,15.72742,7.37776,18.16785,16.26122,19.09869,18.94371,30.40238,30.80973,27.75907,33.79158,30.63629,35.04528,34.72464,1.07900,1.64929,1.22590,1.61617,0.88204,1.73395,1.25743
7/14/2021,20.21841,-1.73000,1.50000,2.43000,"50,000",-1.52002,"35,409",0.32790,0.0009,0.0142,-0.03039,0.00278,-0.01168,-0.02362,-0.00096,0.00910,0.01024,0.00004,0.00692,0.00418,0.00577,0.00720,16.06861,16.07530,7.37776,18.16178,16.13890,19.28152,19.01005,30.40097,30.83244,27.71669,33.78866,30.63832,35.01792,34.72079,1.07669,1.66341,1.18921,1.61481,0.87918,1.69011,1.25574
7/15/2021,19.98202,-1.29000,-0.50000,3.07000,"200,000",-1.32567,"38,239",0.40836,0.0174,0.0079,0.00000,0.01358,0.01204,0.03292,0.00977,0.00687,0.00456,0.00003,0.00606,0.00316,0.00490,0.00463,15.78771,15.26670,7.09008,18.02983,15.85872,19.11778,18.58177,30.42424,30.83699,27.71669,33.80738,30.65810,35.04073,34.72728,1.09575,1.67543,1.18921,1.63016,0.88693,1.74435,1.26614
7/16/2021,20.01071,0.12000,-5.50000,2.80000,"-100,000",-1.43313,"42,288",0.40635,-0.0034,-0.0024,0.02736,0.00420,-0.00377,-0.00166,0.00395,0.00853,0.00593,0.00002,0.00555,0.00325,0.00475,0.00530,16.00439,15.52951,6.55108,17.94177,15.88787,19.08769,18.71682,30.42607,30.84418,27.74774,33.80786,30.65646,35.03965,34.73539,1.08953,1.67596,1.21942,1.63688,0.88408,1.73989,1.27506
7/19/2021,20.42746,-4.97000,1.50000,2.86000,"100,000",-1.37049,"55,845",0.42848,-0.0292,-0.0114,-0.00578,-0.02578,-0.04106,-0.05686,-0.03114,0.01718,0.01069,0.00007,0.01006,0.00763,0.00653,0.00815,16.70438,16.11840,7.97247,18.53699,16.74112,19.40611,19.15448,30.38385,30.83269,27.74305,33.76775,30.60233,34.97711,34.70443,1.06060,1.67651,1.21315,1.60401,0.85354,1.63749,1.24063
7/20/2021,20.18445,0.73000,6.00000,2.69000,0,-1.08780,"60,180",0.47072,0.0189,-0.0003,0.00784,0.01115,-0.00218,0.03746,0.01607,0.00875,0.00709,0.00012,0.00902,0.00486,0.00542,0.00569,16.02942,15.70832,8.57546,18.42781,16.29050,19.21985,18.79569,30.40863,30.83051,27.74930,33.80243,30.59948,35.00982,34.71658,1.07890,1.66002,1.22150,1.62142,0.84176,1.69988,1.26104
7/21/2021,19.95682,2.88000,2.00000,3.04000,"-100,000",-1.36201,"65,607",0.47676,0.0010,0.0085,-0.02192,0.00598,0.00393,-0.00580,0.00540,0.00879,0.00914,0.00056,0.00599,0.00279,0.00401,0.00496,16.03440,15.96127,10.08997,18.04468,15.73443,18.94306,18.65768,30.42109,30.85061,27.71771,33.81241,30.60262,35.02085,34.72233,1.09329,1.68237,1.18885,1.62901,0.84253,1.68823,1.26572
7/22/2021,20.12332,1.56000,2.00000,2.84000,0,-1.05751,"71,144",0.51900,0.0078,-0.0132,0.04621,0.00690,0.02834,0.01876,0.02337,0.00989,0.00917,0.00083,0.00587,0.00403,0.00370,0.00771,16.15236,15.96507,10.47729,18.02411,16.10393,18.88796,19.09888,30.43806,30.84768,27.77092,33.81986,30.63807,35.05753,34.74740,1.10467,1.66218,1.24196,1.63674,0.86130,1.71941,1.29517
7/23/2021,20.21252,0.31000,-3.00000,2.89000,"50,000",-0.53583,"78,269",0.58941,-0.0136,-0.0071,-0.01424,-0.00696,-0.01159,-0.01548,-0.01169,0.01019,0.00673,0.00042,0.00725,0.00419,0.00551,0.00579,16.18190,15.65595,9.79256,18.23508,16.14172,19.29003,18.81247,30.42495,30.84367,27.75787,33.79912,30.62241,35.03779,34.72516,1.09043,1.65188,1.22422,1.62418,0.85026,1.68760,1.28045
7/26/2021,20.06187,0.40000,2.00000,2.89000,"-50,000",-0.05846,"101,173",0.46267,0.0108,0.0066,0.01695,0.00334,-0.00854,-0.00192,0.00608,0.01009,0.00764,0.00010,0.00552,0.02228,0.00353,0.00529,16.17168,15.78301,8.36637,17.96430,17.81287,18.84353,18.72281,30.45530,30.84944,27.78079,33.79659,30.60382,35.02694,34.73694,1.11277,1.66199,1.24597,1.62869,0.84131,1.67874,1.29309
7/27/2021,20.18652,-0.02000,2.50000,2.60000,"-175,000",0.33159,"106,347",0.03621,0.0068,-0.0017,0.02315,0.00690,0.02203,0.00987,0.00000,0.00821,0.01028,0.00024,0.00634,0.00479,0.00449,0.00693,15.96616,16.07953,9.24956,18.10226,16.27573,19.08749,18.99199,30.45986,30.85613,27.79949,33.80663,30.61601,35.03406,34.73325,1.11713,1.65923,1.27206,1.63846,0.86043,1.69653,1.29043
7/28/2021,19.83899,0.26000,0.50000,3.08000,"-100,000",0.30105,"117,121",0.50090,-0.0101,-0.0030,0.00230,0.00107,0.00758,-0.00061,-0.00157,0.00834,0.00672,0.00029,0.00562,0.00356,0.00279,0.00499,15.98118,15.65337,9.41735,17.98181,15.97774,18.61101,18.66367,30.44451,30.85426,27.79981,33.81288,30.60127,35.04098,34.72769,1.10015,1.65441,1.27564,1.63859,0.86104,1.69795,1.28496
7/29/2021,19.98051,1.31000,-3.50000,2.69000,"150,000",0.54270,"123,640",0.62763,0.0096,0.0104,-0.00752,0.00366,-0.00066,0.01939,0.00913,0.00701,0.00726,0.00001,0.00626,0.00830,0.00393,0.00455,15.80754,15.73182,6.21461,18.08927,16.82474,18.95274,18.57181,30.45802,30.86707,27.79196,33.82407,30.59491,35.05912,34.73571,1.11434,1.66942,1.26775,1.64339,0.85751,1.73172,1.29861
7/30/2021,20.32357,-0.64000,-16.50000,2.82000,"50,000",1.95675,"133,405",0.53912,0.0084,0.0063,-0.02611,0.00342,-0.01084,0.01550,0.01036,0.01108,0.00705,0.00002,0.00619,0.00536,0.00625,0.00721,16.26533,15.70187,6.90776,18.07822,16.38722,19.41657,19.03241,30.46991,30.86340,27.75349,33.83243,30.58971,35.07398,34.74721,1.12703,1.67356,1.23476,1.64785,0.85094,1.75870,1.31166
8/2/2021,20.26080,-2.52000,0.00000,2.42000,"-200,000",2.45036,"157,507",0.00201,0.0108,0.0052,0.00000,0.00564,0.00670,0.00090,0.00061,0.01257,0.00854,0.00003,0.00773,0.00770,0.00454,0.00676,16.39217,15.89416,7.17012,18.30031,16.74907,19.09888,18.96764,30.48571,30.86740,27.75349,33.82961,30.57902,35.07041,34.74943,1.13855,1.68182,1.23476,1.65781,0.85739,1.75921,1.31407
8/3/2021,20.31940,-0.48000,-2.00000,3.05000,"100,000",2.60430,"157,507",0.21927,0.0059,0.0082,0.01390,0.00242,-0.01149,0.02055,0.00993,0.00874,0.01232,0.00003,0.00752,0.00875,0.00518,0.00801,16.02854,16.26008,7.24423,18.27348,16.87703,19.23396,19.13823,30.49657,30.86669,27.77892,33.83174,30.55899,35.08805,34.77694,1.15300,1.68320,1.25192,1.65877,0.83477,1.79474,1.33058
8/4/2021,20.33589,-2.03000,-5.00000,3.06000,"50,000",2.67760,"174,461",0.52101,0.0088,0.0230,0.02594,0.00525,0.00577,0.00837,0.00548,0.01133,0.00890,0.00010,0.00669,0.00738,0.00569,0.00768,16.28813,15.93558,8.36637,18.15760,16.70662,19.32842,19.09702,30.50243,30.87146,27.81671,33.83800,30.58963,35.09132,34.77875,1.15846,1.70701,1.28320,1.66339,0.84413,1.80759,1.33558
8/5/2021,20.33171,0.91000,-1.00000,2.60000,"-100,000",2.71713,"181,756",0.52302,0.0053,0.0061,-0.00008,0.01007,0.02185,0.01395,0.01290,0.01000,0.01361,0.00014,0.00804,0.00935,0.00522,0.00709,16.16336,16.35999,8.69951,18.34115,16.94318,19.24378,19.01709,30.50236,30.87012,27.79751,33.85088,30.61857,35.10229,34.78484,1.15474,1.71675,1.28096,1.67073,0.85955,1.83354,1.34858
8/6/2021,20.46581,-0.59000,1.50000,2.28000,0,3.59127,"189,066",0.42244,0.0054,-0.0010,-0.03123,0.00199,-0.00177,-0.01041,0.00708,0.01325,0.01259,0.00014,0.00913,0.00616,0.00529,0.00977,16.44491,16.28197,8.71604,18.46821,16.52666,19.25611,19.33764,30.50793,30.86634,27.75522,33.84775,30.60968,35.09193,34.79064,1.15931,1.72132,1.24219,1.67383,0.85685,1.81333,1.35702
8/9/2021,20.43380,-1.66000,3.00000,3.04000,"-350,000",3.95214,"215,560",0.61153,0.0106,0.0077,0.00185,0.00997,0.00633,0.02304,0.01754,0.01524,0.00980,0.00026,0.00953,0.00759,0.00581,0.00806,16.58444,16.03113,9.31470,18.51105,16.73466,19.35300,19.14474,30.52552,30.90234,27.75677,33.86553,30.61725,35.10472,34.80321,1.17562,1.72832,1.24427,1.68999,0.85901,1.85464,1.38139
8/10/2021,20.44126,1.59000,7.50000,2.46000,"50,000",3.98339,"224,894",0.55521,0.0122,0.0184,0.00376,0.00724,0.01269,0.00322,0.00594,0.01379,0.01392,0.00030,0.00965,0.00853,0.00458,0.00927,16.48435,16.38230,9.45720,18.52331,16.85265,19.11069,19.28518,30.53973,30.93588,27.75402,33.86595,30.63505,35.10054,34.79995,1.18857,1.75952,1.24802,1.70595,0.86703,1.85813,1.38543
8/11/2021,20.53676,0.81000,-5.00000,3.45000,"-50,000",3.77207,"232,937",0.57935,-0.0009,-0.0082,0.01773,0.00712,0.02102,-0.00195,-0.00365,0.01637,0.01032,0.00017,0.00963,0.01109,0.00571,0.00962,16.65582,16.08290,8.88184,18.52125,17.11457,19.33659,19.32203,30.53115,30.94029,27.76941,33.86248,30.63437,35.10731,34.78840,1.18617,1.75608,1.26890,1.71217,0.88572,1.85163,1.37674
8/12/2021,20.47023,-0.13000,-125.50000,2.97000,"200,000",3.74961,"241,543",0.46066,0.0053,-0.0011,-0.01684,0.00466,-0.00832,-0.00418,0.01452,0.01515,0.01270,0.00006,0.00806,0.00787,0.00440,0.01000,16.57868,16.29075,7.82405,18.34313,16.77170,19.07783,19.36039,30.54424,30.94509,27.75402,33.85526,30.63124,35.10169,34.79239,1.19430,1.74937,1.24802,1.71650,0.86868,1.84309,1.39375
8/13/2021,20.48028,-0.72000,-4.00000,2.79000,0,3.83476,"246,568",0.60751,0.0012,-0.0040,0.02986,-0.00075,0.00157,0.01038,0.00583,0.01260,0.01379,0.00037,0.00862,0.00746,0.00498,0.00934,16.39414,16.37331,9.66142,18.41087,16.71825,19.20155,19.29488,30.54949,30.94484,27.78310,33.85473,30.62201,35.10302,34.80349,1.20043,1.74307,1.28322,1.71177,0.87510,1.86234,1.40374
8/16/2021,20.60140,-1.08000,4.50000,4.54000,"150,000",4.25127,"275,044",0.58337,0.0194,0.0027,-0.00175,0.01114,-0.00182,0.03588,0.01394,0.01700,0.00933,0.00002,0.00880,0.00703,0.00680,0.01079,16.69389,15.98250,6.68461,18.43132,16.65800,19.51875,19.43919,30.56869,30.96297,27.77818,33.86569,30.61405,35.12897,34.79873,1.22001,1.74828,1.28304,1.72612,0.87083,1.92721,1.41940
8/17/2021,20.53982,-0.48000,2.50000,3.13000,"100,000",4.39125,"283,696",0.62159,0.0148,-0.0052,0.01777,0.00110,0.01947,0.00489,-0.00681,0.02135,0.01011,0.00017,0.01225,0.00686,0.00579,0.00878,16.92151,16.06216,8.89563,18.76179,16.63451,19.35859,19.23316,30.58630,30.94078,27.79379,33.86760,30.62180,35.12695,34.78546,1.23962,1.74015,1.30439,1.72068,0.89064,1.93371,1.40766
8/18/2021,20.39977,-0.80000,3.00000,2.75000,0,4.13292,"293,301",0.59544,0.0053,0.0022,0.02940,0.00157,-0.00814,0.01175,0.00362,0.01425,0.01147,0.00004,0.00851,0.00567,0.00531,0.00795,16.51699,16.18906,7.54961,18.39706,16.44285,19.27098,19.13363,30.58905,30.93671,27.83143,33.86717,30.62660,35.12375,34.78208,1.24687,1.74050,1.33965,1.71973,0.88179,1.95175,1.41385
8/19/2021,20.47569,-1.78000,-5.00000,2.90000,"-100,000",3.97649,"302,101",0.03017,0.0100,0.0043,-0.00324,0.00718,-0.00437,0.00917,0.00877,0.01429,0.00970,0.00002,0.01005,0.00584,0.00578,0.00837,16.52011,16.02161,6.90776,18.56420,16.47326,19.35697,19.18517,30.59812,30.94021,27.82855,33.87762,30.62227,35.12666,34.80477,1.25992,1.75157,1.33548,1.72827,0.87151,1.96660,1.42780
8/20/2021,20.98007,-0.65000,6.00000,2.61000,"-100,000",3.78680,"312,611",0.03420,-0.0085,-0.0072,-0.00408,-0.01621,-0.01019,-0.02329,-0.02056,0.04225,0.01940,0.00008,0.01700,0.01171,0.00929,0.01405,17.60426,16.71425,8.18869,19.08983,17.16853,19.83100,19.70310,30.57896,30.96608,27.82495,33.84627,30.59300,35.08922,34.76901,1.25300,1.73748,1.33026,1.69789,0.86222,1.91924,1.39222
8/23/2021,20.54704,2.95000,5.50000,2.70000,"-50,000",3.06054,"348,059",0.01810,-0.0255,-0.0089,-0.04085,-0.01115,-0.01707,-0.00850,-0.01550,0.02059,0.01479,0.00005,0.00943,0.00765,0.00670,0.00857,16.88768,16.44328,7.64969,18.50012,16.74360,19.50492,19.20906,30.55489,30.94459,27.77811,33.82164,30.56112,35.06037,34.75429,1.22703,1.71616,1.27598,1.67970,0.85731,1.90455,1.36997
8/24/2021,20.46256,2.30000,-6.00000,2.70000,"100,000",2.15798,"358,456",0.03822,-0.0082,-0.0117,-0.00673,-0.00636,-0.00878,-0.01356,-0.00779,0.01439,0.00826,0.00008,0.00886,0.00544,0.00573,0.00843,16.52956,15.86068,8.13153,18.43775,16.40252,19.34820,19.19217,30.55613,30.92332,27.77204,33.82265,30.55220,35.05890,34.75339,1.22392,1.70398,1.26763,1.67058,0.85541,1.87029,1.36478
8/25/2021,20.12482,1.20000,-7.00000,2.86000,"-50,000",1.70186,"369,267",0.07443,0.0103,0.0030,0.00687,0.00581,-0.00034,0.00557,0.00858,0.01070,0.01018,0.00003,0.00720,0.00393,0.00388,0.00590,16.23349,16.06937,7.00307,18.23043,16.07797,18.95816,18.83605,30.57087,30.92998,27.77811,33.83810,30.55264,35.06372,34.75441,1.23203,1.70751,1.27598,1.67993,0.85090,1.88366,1.38016
8/26/2021,20.14764,-1.18000,-4.50000,2.87000,"-150,000",1.60113,"381,363",0.06236,0.0080,0.0024,-0.01010,0.00146,0.01470,-0.00775,0.00760,0.01337,0.00733,0.00000,0.00692,0.00418,0.00411,0.00557,16.45565,15.74116,5.29832,18.19088,16.13954,19.01555,18.79446,30.57506,30.92976,27.76899,33.83192,30.57084,35.05008,34.78101,1.24157,1.71477,1.26346,1.68057,0.87379,1.86485,1.38767
8/27/2021,20.34595,1.63000,-0.50000,2.83000,"100,000",1.71737,"392,938",0.22731,0.0063,0.0052,0.02257,0.00631,0.02152,0.01272,0.01716,0.01342,0.00605,0.00013,0.00965,0.00589,0.00445,0.00748,16.45989,15.54825,8.59415,18.52345,16.48163,19.09511,19.08863,30.58174,30.93884,27.78866,33.83713,30.60429,35.05183,34.79353,1.24462,1.72219,1.29060,1.69083,0.88518,1.88507,1.41225
8/30/2021,20.33762,0.71000,-2.50000,2.92000,"200,000",2.09751,"435,265",0.12874,0.0311,0.0137,0.00019,0.02084,0.01687,0.02353,0.01240,0.02947,0.01071,0.00003,0.00869,0.00837,0.00365,0.00764,17.25002,16.12042,7.00307,18.41869,16.83283,18.89691,19.10978,30.62173,30.97074,27.79629,33.85242,30.60946,35.07090,34.78954,1.27974,1.74860,1.28928,1.71736,0.89165,1.92688,1.42428
8/31/2021,20.43856,-1.78000,-3.50000,2.45000,"100,000",2.51763,"449,489",0.08650,0.0156,0.0038,0.01569,0.00714,0.01218,-0.00519,0.01114,0.02403,0.01158,0.00005,0.00982,0.00842,0.00322,0.01057,17.04578,16.19803,7.69621,18.54466,16.83919,18.77184,19.43455,30.63350,30.97120,27.81015,33.86689,30.60893,35.06379,34.79568,1.29610,1.74963,1.30855,1.72684,0.89605,1.91792,1.44078
9/1/2021,20.39639,-0.04000,-11.00000,3.18000,0,2.64719,"462,096",0.05633,0.0147,0.0026,-0.01267,0.00724,0.01067,0.00350,0.01257,0.01950,0.00938,0.00005,0.00796,0.00973,0.00350,0.00839,16.83724,15.98734,7.74066,18.33511,16.98370,18.86452,19.20387,30.64547,30.99034,27.79792,33.86620,30.62329,35.06878,34.79918,1.30917,1.75602,1.29264,1.73343,0.90098,1.92489,1.45277
9/6/2021,20.68051,0.63000,-1.50000,2.92000,"50,000",3.14654,"524,307",0.08449,0.0281,0.0160,0.00552,0.02365,0.01243,0.01281,0.01989,0.02038,0.01175,0.00009,0.01592,0.00897,0.00469,0.01262,16.92217,16.21308,8.21609,19.02777,16.90195,19.15587,19.61164,30.86253,31.01151,27.80963,33.89383,30.63058,35.07384,34.81708,1.35650,1.77458,1.29949,1.75914,0.90536,1.94726,1.48432
9/7/2021,20.59580,-0.53000,-2.00000,3.23000,0,3.01722,"536,788",0.12673,-0.0199,-0.0247,0.01563,-0.01439,-0.03075,0.01116,-0.01997,0.02321,0.01248,0.00019,0.01151,0.00878,0.00496,0.01040,17.05232,16.27347,8.98720,18.70378,16.88047,19.21303,19.42801,30.84703,30.96291,27.82275,33.88223,30.59929,35.08686,34.82655,1.33778,1.73962,1.31828,1.73817,0.87672,1.96664,1.45475
9/8/2021,20.27193,1.16000,3.50000,2.86000,"-250,000",2.36814,"550,996",0.08851,0.0061,-0.0032,-0.00995,-0.00321,0.01107,-0.00677,-0.00280,0.02512,0.00814,0.00008,0.00938,0.00816,0.00342,0.00703,17.13130,15.84600,8.10168,18.49827,16.80695,18.84067,19.03672,30.85391,30.96204,27.81402,33.88960,30.59436,35.07920,34.81798,1.34694,1.72589,1.30575,1.73418,0.88686,1.95279,1.45352
9/9/2021,20.25328,-1.40000,7.00000,2.63000,"50,000",2.33838,"563,676",0.08047,0.0070,0.0130,0.00114,0.00738,0.01420,0.00741,0.00607,0.01850,0.00592,0.00009,0.00958,0.00861,0.00363,0.00654,16.82550,15.52758,8.21609,18.51962,16.86078,18.90128,18.96668,30.87469,30.98312,27.81018,33.89863,30.60540,35.08410,34.82266,1.35811,1.76961,1.30675,1.74514,0.89936,1.96796,1.46637
9/10/2021,20.20965,1.47000,-2.00000,2.82000,"50,000",2.37309,"576,096",0.10662,0.0170,-0.0020,-0.00833,0.00489,0.00835,0.00521,0.00491,0.01382,0.00851,0.00002,0.00658,0.00676,0.00355,0.00695,16.53369,15.89034,6.68461,18.14392,16.61871,18.87939,19.02767,30.89770,30.97999,27.80283,33.89981,30.60639,35.08324,34.82336,1.39103,1.79276,1.29632,1.75269,0.89466,1.97818,1.47350
9/13/2021,20.47437,0.59000,-3.00000,2.49000,0,2.84691,"613,375",0.04627,0.0065,0.0078,0.02493,0.00024,0.00954,-0.01018,0.00266,0.02726,0.01900,0.00004,0.00946,0.01313,0.00350,0.01048,17.21308,16.69329,7.49554,18.51013,17.28292,18.86456,19.43795,30.91809,30.95788,27.81976,33.90550,30.61171,35.07281,34.82413,1.40819,1.80167,1.33088,1.75566,0.90277,1.95893,1.47101
9/14/2021,20.40743,0.09000,9.00000,2.76000,"-50,000",3.41443,"624,547",0.02615,0.0184,0.0066,0.02278,0.00253,0.01080,-0.01119,0.00318,0.02316,0.02026,0.00015,0.01005,0.00618,0.00317,0.00956,17.05024,16.75786,8.79482,18.57004,16.52919,18.76620,19.34676,30.95022,30.96410,27.83918,33.90564,30.60727,35.06314,34.82400,1.44418,1.79427,1.35906,1.76014,0.90590,1.93716,1.47107
9/15/2021,20.34700,1.86000,-6.50000,2.23000,"100,000",3.71074,"635,055",0.03219,0.0323,0.0020,-0.03152,0.01557,0.01151,0.00536,0.01120,0.02967,0.01214,0.00017,0.01169,0.00507,0.00274,0.00846,17.29776,16.24519,8.89563,18.72179,16.33124,18.61939,19.22598,30.97783,30.96722,27.81573,33.92574,30.61472,35.06050,34.82725,1.48026,1.79600,1.31327,1.77842,0.90588,1.94688,1.48495
9/16/2021,20.19982,0.21000,-4.00000,2.99000,"-150,000",3.68198,"645,640",0.02414,0.0074,0.0052,-0.00372,0.00331,0.00580,0.00316,0.00645,0.02106,0.01251,0.00023,0.00705,0.01038,0.00224,0.00820,16.95502,16.27576,9.21034,18.21669,17.04834,18.42406,19.19394,30.95510,30.96551,27.81165,33.91581,30.61671,35.07534,34.81645,1.47668,1.79750,1.30884,1.77254,0.91603,1.94978,1.49710
9/17/2021,20.55068,-0.33000,5.00000,2.82000,"-525,000",3.96265,"656,129",0.05834,0.0160,-0.0004,-0.02060,0.01182,0.00051,0.01874,0.01228,0.03378,0.01051,0.00013,0.01037,0.01666,0.00436,0.00939,17.42763,16.10100,8.61250,18.60231,17.52149,19.08974,19.32977,30.97856,30.97214,27.78181,33.92251,30.64921,35.08500,34.81675,1.50597,1.80594,1.28313,1.78695,0.91837,1.98657,1.51408
9/20/2021,20.60980,-1.42000,6.50000,2.96000,"150,000",4.09522,"687,063",0.58740,0.0006,-0.0034,0.06531,0.00082,0.01549,0.00952,0.00137,0.03061,0.01111,0.00032,0.01185,0.01047,0.00444,0.01174,17.32899,16.15642,9.52515,18.73561,17.05690,19.10834,19.55359,30.97775,30.96466,27.84402,33.90995,30.67636,35.09791,34.81104,1.51057,1.79554,1.36722,1.77768,0.93907,2.00396,1.51242
9/21/2021,20.56408,0.44000,1.00000,3.05000,"300,000",3.35118,"695,744",0.06437,0.0006,0.0103,-0.01874,0.00214,0.00479,-0.00160,0.00300,0.02422,0.01213,0.00014,0.01167,0.01637,0.00373,0.01108,17.09497,16.24429,8.68271,18.72039,17.50353,18.93712,19.49542,30.98006,30.96407,27.82687,33.90685,30.67536,35.09231,34.80012,1.52293,1.80474,1.34217,1.77667,0.94209,1.99985,1.51919
9/22/2021,20.47527,1.83000,-1.00000,3.03000,"50,000",3.10877,"707,436",0.06035,0.0200,0.0108,0.00662,0.02081,0.03865,0.00522,0.02675,0.02515,0.01201,0.00005,0.00832,0.01864,0.00305,0.01168,17.13262,16.23437,7.64969,18.38195,17.63372,18.73445,19.55159,30.99296,30.97810,27.83262,33.91223,30.70795,35.09537,34.80994,1.53737,1.81559,1.35052,1.80261,0.97080,2.00610,1.55094
9/23/2021,20.71746,1.06000,3.50000,2.91000,"200,000",3.09730,"718,963",0.61757,-0.0030,-0.0058,0.00243,-0.00393,-0.01313,-0.00680,-0.00341,0.03656,0.02052,0.00001,0.01337,0.01739,0.00340,0.01500,17.50662,16.77031,6.21461,18.85657,17.56448,18.84196,19.80161,30.98203,30.98604,27.83477,33.91162,30.67133,35.09436,34.81962,1.52705,1.81561,1.35366,1.79948,0.95506,1.99414,1.54738
9/24/2021,20.34277,0.84000,-2.50000,3.09000,"-300,000",2.29313,"728,435",0.57130,-0.0141,-0.0057,0.01030,-0.01213,-0.01587,-0.00486,-0.01020,0.02230,0.00856,0.00041,0.00827,0.01088,0.00388,0.00793,17.01218,15.89574,9.78132,18.37588,17.09558,18.97497,19.20178,30.97341,30.97434,27.84374,33.90761,30.65894,35.09946,34.87536,1.51311,1.80516,1.36716,1.78309,0.93824,1.98193,1.52959
9/27/2021,20.48350,1.44000,3.50000,2.37000,"-50,000",1.50062,"756,689",0.61355,-0.0443,-0.0137,0.01954,-0.02900,-0.03745,-0.03334,-0.03274,0.02494,0.01358,0.00016,0.01101,0.01335,0.00359,0.01003,17.12422,16.35743,8.82468,18.66250,17.30000,18.89920,19.43616,30.92739,30.93926,27.85612,33.89626,30.60444,35.07927,34.85623,1.45436,1.79012,1.39731,1.74437,0.91107,1.91311,1.47994
9/28/2021,20.25915,-0.44000,2.00000,2.60000,"100,000",1.70579,"766,051",0.43652,0.0236,0.0056,-0.00473,0.00296,0.01564,0.01309,0.00841,0.02037,0.00800,0.00002,0.00928,0.00755,0.00278,0.00783,16.92174,15.82822,6.55108,18.49167,16.72998,18.64106,19.18817,30.96281,30.95330,27.85190,33.91531,30.61223,35.08735,34.86250,1.49278,1.81984,1.39105,1.75173,0.92137,1.93988,1.49005
9/29/2021,20.20881,-0.45000,5.50000,1.80000,"-125,000",1.59863,"770,640",0.59343,-0.0042,-0.0043,-0.01976,0.00335,0.00321,-0.00683,0.00498,0.01065,0.00597,0.00018,0.00992,0.00585,0.00311,0.00640,16.27349,15.53635,8.96188,18.55823,16.47545,18.75328,18.98761,30.95698,30.95390,27.83847,33.92091,30.61683,35.07866,34.86326,1.48333,1.81372,1.35802,1.75475,0.92415,1.92849,1.49351
9/30/2021,19.97068,-0.33000,3.50000,3.17000,"-100,000",1.31524,"779,398",0.05230,0.0062,0.0086,0.00000,0.00734,-0.00075,0.00122,0.00334,0.01043,0.00692,0.00000,0.00686,0.00401,0.00237,0.00522,16.25257,15.68385,,18.18884,16.09823,18.48335,18.78446,30.97223,30.97436,27.83847,33.92119,30.61767,35.07592,34.86941,1.49726,1.82924,1.35802,1.76814,0.91888,1.92863,1.49748
10/1/2021,20.41718,0.97000,-1.00000,2.44000,"350,000",1.27124,"790,755",0.51095,-0.0057,-0.0069,-0.02311,0.00288,0.00767,-0.01752,-0.00871,0.01611,0.00701,0.00009,0.00974,0.00704,0.00452,0.00723,16.68730,15.69569,8.29405,18.54005,16.66012,19.12814,19.11004,30.97430,30.96943,27.80473,33.92432,30.60518,35.05918,34.86010,1.49374,1.81472,1.32920,1.77164,0.92623,1.89610,1.48209
10/4/2021,20.44169,1.98000,-2.00000,2.93000,"150,000",1.57782,"808,578",0.46871,0.0121,0.0049,0.02241,0.00838,0.01982,-0.00812,0.00512,0.01686,0.00703,0.00004,0.01111,0.00640,0.00437,0.00743,16.73283,15.69856,7.37776,18.67153,16.56507,19.09557,19.13657,30.98274,30.96326,27.83557,33.94742,30.62067,35.04731,34.86736,1.50419,1.81362,1.35508,1.78659,0.94030,1.87959,1.48917
10/5/2021,20.31908,1.30000,-1.00000,2.47000,"50,000",1.55396,"813,961",0.43049,0.0025,-0.0046,0.00153,0.00534,0.01903,0.02862,0.00944,0.01259,0.00631,0.00000,0.00773,0.00531,0.00454,0.00629,16.44044,15.59055,5.29832,18.30809,16.37867,19.13275,18.96956,30.98520,30.98788,27.83775,33.95205,30.62453,35.06475,34.87915,1.51009,1.81629,1.35697,1.79481,0.95274,1.93515,1.50409
10/6/2021,20.25596,-1.48000,2.00000,2.79000,0,1.65856,"818,324",0.43049,0.0114,0.0194,0.00446,0.01316,0.01951,0.00158,0.01608,0.01493,0.00610,0.00019,0.00857,0.00891,0.00282,0.00804,16.61136,15.55771,8.98720,18.41104,16.89519,18.65671,19.21572,30.99657,30.99731,27.83729,33.96065,30.64743,35.06549,34.89005,1.52502,1.84404,1.36468,1.81105,0.96752,1.93802,1.52710
10/7/2021,20.33973,0.87000,6.00000,4.07000,"400,000",1.67663,"822,687",0.41238,0.0125,0.0056,-0.00516,0.00929,0.00032,0.01131,0.00777,0.02364,0.00661,0.00013,0.00942,0.00884,0.00260,0.00867,17.07065,15.63815,8.63052,18.50629,16.88800,18.57408,19.29499,31.00716,31.01069,27.82934,33.95807,30.64787,35.07198,34.89424,1.53545,1.85491,1.35580,1.82057,0.96704,1.96127,1.54087
10/8/2021,20.24203,0.78000,-2.50000,2.90000,0,1.58148,"826,837",0.44256,0.0011,-0.0025,0.01633,-0.00110,-0.00933,0.00035,-0.00045,0.01697,0.00681,0.00003,0.00959,0.00707,0.00256,0.00732,16.73939,15.66735,7.17012,18.52445,16.66483,18.56000,19.12539,31.00360,30.99940,27.84885,33.96460,30.64899,35.07683,34.89645,1.53620,1.85084,1.37539,1.82003,0.96321,1.96382,1.54233
10/11/2021,20.43104,0.92000,2.50000,2.19000,"100,000",1.72964,"839,662",0.37416,0.0004,0.0005,0.02276,-0.00188,-0.00449,0.02125,0.00385,0.01628,0.00957,0.00015,0.00747,0.00809,0.00517,0.00816,16.69750,16.00778,8.77956,18.27453,16.79865,19.26172,19.23369,31.00645,30.99800,27.86925,33.97835,30.65165,35.10300,34.90960,1.53783,1.85725,1.40622,1.81709,0.96185,2.00156,1.54665
10/12/2021,20.39738,-0.23000,2.00000,3.54000,"100,000",1.53756,"843,281",0.33393,-0.0138,0.0035,0.00535,-0.00123,0.00430,-0.00073,0.00881,0.01621,0.00797,0.00004,0.00750,0.00763,0.00380,0.00906,16.69349,15.82531,7.49554,18.28168,16.74026,18.95431,19.34176,31.00336,30.99494,27.87910,33.97745,30.65015,35.10118,34.91694,1.52247,1.86051,1.41135,1.81610,0.96334,1.99671,1.55961
10/13/2021,20.25778,-0.24000,3.50000,3.16000,0,1.38084,"846,230",0.36209,0.0037,0.0096,0.01033,0.00103,0.00739,-0.00231,0.01026,0.01446,0.00599,0.00007,0.00672,0.00760,0.00302,0.00833,16.57878,15.53940,8.03916,18.17104,16.73667,18.72475,19.25693,30.99389,30.99148,27.89590,33.97303,30.66164,35.09746,34.91895,1.51627,1.87082,1.42455,1.81670,0.96190,1.99191,1.57763
10/14/2021,20.37465,0.82000,-2.00000,2.83000,"-50,000",1.84863,"849,691",0.41440,0.0081,0.0080,-0.01071,0.00753,0.00319,0.00373,0.01294,0.01618,0.00669,0.00008,0.00870,0.01082,0.00348,0.00908,16.69143,15.64948,8.10168,18.42958,17.09002,18.86618,19.34339,30.99717,30.99841,27.86928,33.97473,30.67416,35.09568,34.91660,1.52222,1.88217,1.41248,1.82957,0.96508,1.99906,1.59241
10/15/2021,20.44308,0.92000,-9.00000,3.35000,"-50,000",2.84251,"853,842",0.38623,0.0064,-0.0023,0.01895,0.00802,0.00264,0.00119,0.00020,0.01754,0.00821,0.00010,0.01117,0.01057,0.00359,0.00931,16.77244,15.85451,8.34284,18.67960,17.06620,18.94004,19.36875,31.00616,30.99530,27.88242,33.98644,30.67288,35.13841,34.91363,1.53160,1.88065,1.44289,1.84696,0.96368,2.00186,1.59102
10/18/2021,20.47151,-0.59000,0.50000,2.64000,0,3.01020,"864,053",0.34801,0.0025,-0.0101,-0.00824,0.00204,-0.00756,0.00399,0.00043,0.01664,0.00612,0.00012,0.00855,0.00601,0.00387,0.01001,16.71948,15.56041,8.55641,18.41206,16.50192,19.01677,19.44945,31.00099,30.99212,27.87556,33.98753,30.66773,35.13902,34.91717,1.52637,1.86853,1.43069,1.84414,0.95761,2.01100,1.59193
10/19/2021,20.23558,0.75000,2.00000,2.59000,0,2.73274,"867,221",0.33997,0.0064,0.0038,-0.01989,0.00335,0.00175,0.00976,0.00601,0.01458,0.00525,0.00003,0.00859,0.00588,0.00301,0.00713,16.58729,15.40670,7.24423,18.41624,16.48013,18.76574,19.11059,31.00809,30.99627,27.86109,33.97883,30.65739,35.14237,34.91784,1.53464,1.86878,1.39701,1.84707,0.95699,2.02882,1.59795
10/20/2021,20.51443,0.74000,-9.00000,1.94000,0,2.57425,"870,255",0.38221,0.0076,0.0017,-0.00155,0.00457,-0.00379,-0.00315,0.01124,0.02936,0.00827,0.00006,0.01176,0.00965,0.00355,0.00982,17.28745,15.86141,7.90101,18.73113,16.97487,18.93662,19.43000,31.00997,30.99358,27.85970,33.97487,30.65913,35.14268,34.91893,1.53840,1.86800,1.39492,1.85920,0.95473,2.02025,1.61224
10/21/2021,20.34966,-1.21000,-1.00000,3.01000,"150,000",2.81313,"873,901",0.37819,0.0190,0.0206,-0.01542,0.00078,0.00323,-0.00366,0.01525,0.01903,0.01221,0.00018,0.00929,0.00851,0.00313,0.00797,16.85377,16.25155,8.93590,18.49567,16.84929,18.81149,19.22139,31.01507,31.01134,27.84910,33.97380,30.66922,35.13412,34.91420,1.55818,1.88749,1.37047,1.85984,0.95699,2.01082,1.63348
10/22/2021,20.47792,1.05000,-1.50000,2.57000,"100,000",2.87455,"877,537",0.40031,0.0108,0.0045,-0.00078,0.00629,-0.00006,-0.00341,0.01507,0.02191,0.01051,0.00014,0.00993,0.00811,0.00284,0.01168,16.99474,16.10162,8.69951,18.56132,16.80085,18.71614,19.60332,31.01438,31.05067,27.84840,33.97709,30.67272,35.13280,34.92403,1.56666,1.89795,1.36942,1.86806,0.95600,2.00145,1.65700
10/25/2021,20.59338,0.33000,-3.00000,2.56000,"50,000",2.89667,"888,940",0.38020,0.0089,0.0070,0.01771,0.00551,-0.00351,-0.00610,0.00842,0.02751,0.00837,0.00006,0.01283,0.01026,0.00397,0.01091,17.22226,15.87388,7.82405,18.81820,17.03703,19.05059,19.53582,31.00984,31.04778,27.85944,33.96286,30.66808,35.12560,34.92800,1.56830,1.90284,1.39661,1.86768,0.95222,1.98534,1.67052
10/26/2021,20.38335,0.41000,-3.50000,2.61000,"350,000",2.65828,"892,579",0.37215,0.0090,-0.0018,-0.01839,0.00670,0.00364,0.00642,0.00636,0.01870,0.00794,0.00010,0.00864,0.01036,0.00295,0.00963,16.83605,15.82085,8.34284,18.42253,17.04578,18.75286,19.41033,31.01519,31.05051,27.84711,33.97389,30.66550,35.12823,34.92980,1.57872,1.89305,1.36648,1.87943,0.95455,1.99948,1.67924
10/27/2021,20.63232,-1.82000,1.00000,2.94000,"100,000",2.84045,"896,174",0.43250,0.0064,0.0184,-0.00388,0.01209,0.00858,0.01628,0.02265,0.02225,0.01615,0.00038,0.01279,0.00930,0.00401,0.01155,17.01011,16.53075,9.68657,18.81507,16.93837,19.06487,19.59284,31.03462,31.07876,27.84320,33.99699,30.67083,35.14904,34.95620,1.59762,1.93501,1.36136,1.89988,0.96531,2.03491,1.71839
10/28/2021,20.55364,-0.26000,7.00000,1.61000,"-200,000",3.27380,"900,585",0.44859,0.0190,0.0020,0.01876,0.00521,0.00789,0.01349,0.01617,0.02768,0.01182,0.00008,0.00896,0.01396,0.00411,0.00955,17.22834,16.21885,8.18869,18.45885,17.34474,19.08459,19.40226,31.04204,31.10678,27.85286,34.00478,30.68597,35.15716,34.96578,1.61417,1.93797,1.39038,1.91102,0.97274,2.04691,1.74980
10/29/2021,20.66110,0.06000,-7.00000,3.16000,0,3.43931,"905,477",0.45060,0.0138,-0.0015,0.02985,0.01000,0.00950,0.00614,0.01798,0.02613,0.01024,0.00022,0.01252,0.01163,0.00403,0.01222,17.17203,16.07527,9.16952,18.79363,17.16216,19.06432,19.64880,31.04943,31.12518,27.87077,33.99534,30.68732,35.16021,34.98446,1.62569,1.93095,1.43692,1.92468,0.97441,2.05755,1.78118
11/1/2021,20.81963,0.33000,4.50000,3.16000,"-200,000",3.59174,"921,122",0.47877,-0.0220,0.0065,0.06167,-0.01241,0.02457,-0.03721,-0.00046,0.02933,0.01289,0.00075,0.01559,0.02148,0.00488,0.01348,17.28759,16.30566,10.37349,19.00516,17.77557,19.25592,19.72598,31.00852,31.12768,27.92971,33.96971,30.72925,35.08771,34.94521,1.56650,1.94189,1.52587,1.89211,0.99909,2.02677,1.75247
11/2/2021,20.70775,0.01000,5.50000,2.92000,"250,000",3.95688,"926,720",0.48279,0.0154,0.0007,0.04091,0.01328,0.01752,0.01826,0.03124,0.02785,0.01018,0.00024,0.01145,0.01949,0.00418,0.01277,17.23572,16.06952,9.23990,18.69677,17.67846,19.10064,19.67157,31.00992,31.13900,27.96273,33.97708,30.73058,35.09612,34.95678,1.57898,1.94163,1.59400,1.91011,1.01359,2.06455,1.80763
11/3/2021,21.11251,-2.73000,-5.50000,2.56000,"50,000",3.83423,"932,357",0.51498,-0.0281,-0.0070,-0.00542,-0.01763,-0.02787,0.00271,-0.03934,0.03689,0.01962,0.00017,0.01628,0.02044,0.00798,0.01931,17.51697,16.72574,8.92266,19.05035,17.72584,19.74892,20.08606,30.97750,31.08846,27.96147,33.97834,30.69508,35.11772,34.93480,1.53404,1.91409,1.57697,1.88138,0.98996,2.06832,1.73289
11/4/2021,20.62106,-1.45000,6.50000,2.62000,"-100,000",3.58577,"939,463",0.50291,0.0006,0.0081,-0.00165,0.00528,0.00482,0.01743,0.00380,0.01948,0.00872,0.00016,0.01018,0.01062,0.00532,0.01094,16.87857,15.91464,8.85367,18.58018,17.07066,19.34822,19.51821,30.98580,31.10415,27.95400,33.98733,30.69943,35.12183,34.93523,1.53231,1.92441,1.57855,1.88814,0.99307,2.12699,1.74005
11/5/2021,20.55991,1.88000,-60.00000,2.99000,"250,000",3.33168,"946,043",0.53107,0.0168,0.0150,0.00601,0.01059,0.02747,0.00075,0.00509,0.01622,0.01817,0.00007,0.00941,0.02120,0.00427,0.00940,16.69524,16.65065,8.03916,18.50240,17.76210,19.12749,19.36664,31.00346,31.15002,27.96030,33.99671,30.73695,35.11896,34.93633,1.56278,1.95146,1.58546,1.91009,1.02112,2.12684,1.74583
11/8/2021,20.76880,1.01000,-5.00000,2.99000,"250,000",3.79232,"968,684",0.54917,0.0010,0.0258,-0.04024,0.00841,0.02828,0.01273,0.01034,0.02272,0.01568,0.00017,0.01088,0.02208,0.00580,0.01228,17.03246,16.50302,8.89563,18.64731,17.80294,19.43369,19.63354,31.00269,31.18952,27.92236,34.00420,30.78759,35.12234,34.94129,1.55855,1.98879,1.51928,1.92100,1.05064,2.15616,1.75874
11/9/2021,20.74608,1.35000,-7.50000,2.74000,"300,000",4.19586,"976,672",0.55923,0.0060,0.0069,0.04402,-0.00090,0.01206,0.00283,0.00581,0.01799,0.01682,0.00038,0.01040,0.02899,0.00511,0.01186,16.79876,16.57366,9.69892,18.60153,18.07512,19.30673,19.59835,31.00180,31.20135,27.96917,34.00180,30.81479,35.11818,34.94291,1.56633,1.99732,1.58234,1.91710,1.06444,2.16157,1.76759
11/10/2021,20.68927,-2.14000,-4.50000,3.11000,"100,000",4.38494,"984,805",0.54716,0.0090,0.0183,0.01258,0.01768,0.02974,0.00182,0.01721,0.02037,0.01364,0.00043,0.01439,0.01930,0.00459,0.01017,16.92285,16.36389,9.83092,18.92791,17.66816,19.20069,19.44495,31.00287,31.23190,27.97821,33.99801,30.83393,35.11602,34.94555,1.57924,2.03516,1.60584,1.93629,1.09038,2.16655,1.79081
11/11/2021,20.93829,0.23000,2.50000,2.36000,"600,000",4.56744,"992,735",0.56124,0.0013,-0.0005,-0.00445,0.00991,0.03095,-0.00583,0.02223,0.02911,0.01647,0.00070,0.01830,0.02869,0.00561,0.01537,17.27996,16.55249,10.30895,19.16848,18.06471,19.40009,19.85774,31.00140,31.22022,27.97398,33.98710,30.86749,35.10799,34.95159,1.57468,2.02361,1.59908,1.94969,1.12491,2.15461,1.82704
11/12/2021,20.66262,-0.73000,5.00000,1.89000,"700,000",4.64770,"1,000,897",0.59947,0.0289,0.0193,-0.00551,0.01534,0.02026,0.01475,0.01286,0.02205,0.01312,0.00034,0.01310,0.02584,0.00400,0.01101,17.00212,16.32509,9.57498,18.83424,17.96035,19.06266,19.52392,31.02197,31.22565,27.96899,34.00078,30.89990,35.11957,34.95777,1.60874,2.05283,1.59073,1.97389,1.15072,2.18504,1.84221
11/15/2021,20.86372,-0.09000,-5.50000,3.23000,"100,000",4.71164,"1,026,522",0.58136,0.0200,0.0375,0.01010,0.00841,0.03685,0.01890,0.01465,0.03087,0.01811,0.00043,0.01357,0.02727,0.00428,0.01524,17.33864,16.64758,9.81466,18.86928,18.01394,19.12902,19.84965,31.04838,31.27519,27.97653,33.99209,30.94965,35.11894,34.96559,1.64264,2.12537,1.61030,1.97874,1.19555,2.22878,1.84939
11/16/2021,20.89690,0.38000,1.50000,3.01000,"1,000,000",4.50026,"1,035,138",0.01207,0.0008,0.0111,-0.00421,-0.00614,-0.00332,0.00097,-0.00598,0.04201,0.02440,0.00086,0.01364,0.02620,0.00465,0.01634,17.64696,16.94542,10.51867,18.87421,17.97416,19.21214,19.91899,31.06024,31.28007,27.97517,33.97622,30.93305,35.11561,34.95754,1.65749,2.13901,1.59411,1.96746,1.19384,2.22512,1.83229
11/17/2021,20.54801,-2.15000,3.50000,2.80000,0,4.06208,"1,045,397",0.63165,0.0059,0.0181,-0.01442,0.00623,0.00379,0.00707,0.01071,0.02311,0.01206,0.00022,0.01095,0.01968,0.00378,0.01021,17.04920,16.24111,9.15905,18.65519,17.68808,19.00619,19.44907,31.06710,31.29065,27.96039,33.97396,30.93098,35.12009,34.96785,1.66052,2.17525,1.57294,1.97643,1.19952,2.24554,1.84845
11/18/2021,20.78896,0.96000,1.00000,2.50000,"-75,000",3.88540,"1,055,246",0.01006,0.0115,0.0163,0.00041,0.00572,0.02508,0.01985,0.02034,0.02576,0.01180,0.00042,0.01673,0.01738,0.00479,0.01227,17.15802,16.21927,9.79256,19.07867,17.56337,19.24330,19.63246,31.08237,31.29376,27.95236,33.96176,30.96982,35.11783,34.96907,1.68833,2.20554,1.57505,1.98481,1.23296,2.30029,1.87990
11/19/2021,21.12764,-2.77000,-2.00000,2.71000,"-925,000",4.05321,"1,065,469",0.62562,-0.0149,-0.0135,-0.03432,-0.01447,-0.00116,-0.00701,-0.01447,0.04274,0.01518,0.00007,0.01654,0.03020,0.00725,0.01781,17.66412,16.47063,8.03916,19.06748,18.11598,19.65637,20.00659,31.07702,31.28359,27.92042,33.93827,30.94377,35.12624,34.95536,1.68030,2.16166,1.51804,1.95925,1.23064,2.27659,1.84560
11/22/2021,22.25283,1.23000,3.50000,3.13000,"-800,000",4.13983,"1,104,403",0.42445,-0.0296,-0.0258,-0.01588,-0.02490,-0.03389,-0.00032,-0.04366,0.03400,0.01694,0.00019,0.30238,0.02704,0.00769,0.01474,17.43548,16.58036,9.02401,21.97317,18.00573,19.71630,19.81798,31.06478,31.22839,27.90828,33.93559,30.88175,35.14918,34.93851,1.64204,2.10325,1.49003,1.92200,1.18729,2.26274,1.76752
11/23/2021,20.56601,2.61000,7.50000,3.13000,0,3.79582,"1,104,835",0.39428,0.0104,0.0006,-0.00590,0.00930,0.01606,0.01418,0.00879,0.02556,0.00943,0.00052,0.00919,0.02135,0.00434,0.01090,17.15012,15.99528,10.00785,18.48021,17.76931,19.14905,19.51630,31.06286,31.19765,27.91313,33.94213,30.88269,35.15267,34.95199,1.64650,2.10209,1.47277,1.94043,1.20358,2.30164,1.79246
11/24/2021,20.79521,-0.06000,4.00000,1.50000,"100,000",3.16827,"1,143,967",0.06840,0.0074,-0.0027,0.00417,0.00390,0.00315,0.02730,0.00163,0.01954,0.00790,0.00037,0.01240,0.01215,0.00994,0.00910,16.88151,15.81734,9.68034,18.78033,17.20586,19.97646,19.33651,31.07250,31.22720,27.91709,33.93350,30.87848,35.19671,34.95785,1.66568,2.09834,1.47903,1.95423,1.21420,2.35924,1.79295
11/25/2021,20.70306,-0.03000,3.00000,2.84000,"50,000",3.20429,"1,155,778",0.08248,0.0107,-0.0184,-0.02259,0.00601,0.01607,0.00882,0.02055,0.02442,0.00802,0.00001,0.01033,0.01707,0.00663,0.01119,17.10426,15.83236,5.99146,18.59761,17.54577,19.57144,19.54279,31.08460,31.24584,27.88557,33.94171,30.90178,35.20093,34.96880,1.67350,2.07358,1.44946,1.96635,1.24270,2.38704,1.83204
11/26/2021,20.75287,-9.33000,-1.00000,2.92000,"850,000",3.07267,"1,168,228",0.09656,0.0093,-0.0045,0.01589,-0.00135,-0.00897,-0.01449,-0.00080,0.02407,0.00941,0.00003,0.01068,0.01939,0.00672,0.01171,17.08987,15.99275,7.17012,18.63043,17.67329,19.58557,19.58837,31.08759,31.22018,27.90060,33.93207,30.88396,35.19009,34.97657,1.67812,2.06630,1.47346,1.96343,1.24300,2.35145,1.82793
11/29/2021,20.69270,0.55000,-1.00000,3.01000,"-350,000",2.70998,"1,210,340",0.11466,0.0016,-0.0009,-0.01368,0.00271,0.01856,-0.00453,0.01254,0.03225,0.01048,0.00003,0.00883,0.01634,0.00624,0.01215,17.38252,16.10031,7.31322,18.44084,17.50197,19.51166,19.62565,31.09929,31.25454,27.89306,33.91963,30.92091,35.17220,34.99748,1.68674,2.06702,1.45070,1.96280,1.25081,2.34538,1.84368
11/30/2021,20.78393,-4.21000,-2.00000,3.09000,"50,000",2.57411,"1,224,110",0.12070,0.0112,0.0166,0.03100,0.00717,0.00954,-0.01057,0.01471,0.02309,0.01155,0.00015,0.01107,0.02328,0.00644,0.01365,17.04821,16.19731,8.79482,18.66699,17.85591,19.54337,19.74191,31.08817,31.30301,27.92114,33.92730,30.93999,35.15320,35.00139,1.69078,2.09929,1.49223,1.97186,1.25989,2.32288,1.86517
12/1/2021,20.57190,-0.36000,2.00000,2.56000,"-50,000",2.34019,"1,238,082",0.13880,0.0000,0.0032,0.00681,-0.00139,-0.01029,0.00385,0.00410,0.02218,0.01473,0.00012,0.00767,0.01748,0.00448,0.01225,17.00816,16.44105,8.55641,18.29919,17.56963,19.18176,19.63027,31.08401,31.29327,27.93187,33.93010,30.95221,35.16512,35.00053,1.69358,2.09733,1.49986,1.96722,1.24297,2.32465,1.86918
12/2/2021,20.43696,0.80000,-8.00000,2.53000,"50,000",1.83323,"1,252,590",0.11265,-0.0083,0.0041,-0.02601,0.00393,0.00412,-0.00584,0.00483,0.01958,0.01094,0.00010,0.00817,0.01634,0.00329,0.01077,16.88374,16.14338,8.38936,18.36339,17.50190,18.87353,19.50175,31.07022,31.29151,27.89998,33.92806,30.96117,35.15670,35.00183,1.67608,2.11889,1.46309,1.97661,1.24316,2.30890,1.87914
12/3/2021,20.79462,0.38000,0.00000,3.07000,"150,000",1.33352,"1,266,288",0.13679,-0.0321,0.0018,0.01774,-0.02026,-0.03456,-0.03921,-0.02470,0.03521,0.01353,0.00024,0.01029,0.02060,0.00585,0.01490,17.47032,16.35595,9.24956,18.59324,17.76502,19.44929,19.82861,31.03309,31.29311,27.91678,33.90418,30.99284,35.12530,34.97725,1.62544,2.10833,1.49021,1.94114,1.20882,2.20742,1.83773
12/6/2021,20.73629,3.03000,19.50000,2.99000,"650,000",0.81261,"1,309,092",0.14081,-0.0353,-0.0211,-0.01892,-0.03618,-0.02151,-0.03820,-0.02604,0.02264,0.01402,0.00018,0.01075,0.01660,0.00586,0.01337,17.02886,16.39105,8.93590,18.63746,17.54888,19.45163,19.72049,31.00062,31.28995,27.89796,33.86364,30.96686,35.10070,34.96667,1.57622,2.07042,1.45996,1.88155,1.18991,2.12372,1.78740
12/7/2021,20.41568,2.36000,23.00000,2.72000,"-150,000",0.69482,"1,323,683",0.11667,0.0316,0.0272,-0.00324,0.01879,0.02189,0.02457,0.02556,0.01527,0.00732,0.00008,0.00856,0.02044,0.00333,0.01037,16.63458,15.74196,8.13153,18.40984,17.75709,18.88596,19.46571,31.04683,31.31565,27.89542,33.89008,31.01015,35.12274,34.98954,1.62934,2.12607,1.45464,1.91447,1.21659,2.17466,1.83446
12/8/2021,20.44523,0.38000,-353.00000,2.65000,"-250,000",0.17588,"1,337,523",0.14283,-0.0127,0.0118,-0.01007,-0.00347,0.00420,0.01104,0.00653,0.01344,0.01187,0.00052,0.00615,0.02244,0.00370,0.01084,16.50717,16.22478,10.01682,18.07933,17.85069,18.99193,19.51008,31.03897,31.31962,27.89147,33.88523,31.04497,35.13224,34.99012,1.61050,2.16168,1.43711,1.90913,1.22771,2.19542,1.85073
12/9/2021,20.29655,-1.40000,0.00000,2.90000,"150,000",0.59900,"1,352,122",0.17099,0.0044,0.0094,-0.01428,0.00594,0.02175,0.01381,0.01535,0.01341,0.01167,0.00010,0.00577,0.02834,0.00271,0.00917,16.50493,16.20825,8.31874,18.01522,18.08412,18.67901,19.34356,31.05658,31.33242,27.87144,33.88967,31.08667,35.14128,35.00294,1.62853,2.18778,1.41916,1.91469,1.26080,2.23026,1.87665
12/10/2021,20.48990,0.92000,0.00000,3.17000,0,1.71198,"1,367,433",0.15288,-0.0099,0.0159,0.00533,-0.00579,0.00770,-0.00327,0.00492,0.01450,0.02304,0.00008,0.00704,0.03497,0.00303,0.00992,16.58327,16.88794,8.16052,18.21418,18.29427,18.79244,19.42130,31.04533,31.36891,27.87723,33.88054,31.11471,35.14253,34.99310,1.61523,2.21265,1.42692,1.89836,1.28024,2.22159,1.88531
12/13/2021,20.55720,-0.95000,0.00000,3.05000,"300,000",2.12406,"1,413,051",0.17300,0.0245,0.0376,0.01960,0.01278,0.04008,0.00459,0.03034,0.01587,0.01910,0.00007,0.00902,0.01761,0.00343,0.01292,16.67345,16.70044,8.03916,18.46229,17.60838,18.91462,19.68566,31.05914,31.42559,27.89450,33.88787,31.17380,35.14172,35.00734,1.63914,2.28859,1.45712,1.92249,1.33866,2.23529,1.93511
12/14/2021,20.67341,-0.69000,0.00000,3.00000,"50,000",2.20865,"1,428,428",0.16495,0.0166,0.0063,-0.00973,0.00185,0.02208,-0.00019,0.00301,0.02151,0.01818,0.00006,0.01256,0.03614,0.00320,0.01347,16.97749,16.65531,7.82405,18.79254,18.32703,18.84562,19.72879,31.06182,31.43018,27.88434,33.90223,31.20825,35.13714,35.00898,1.64920,2.30029,1.44147,1.92773,1.38094,2.23562,1.93538
12/15/2021,20.64029,0.18000,0.00000,3.16000,"-200,000",1.93924,"1,443,648",0.17903,-0.0118,-0.0102,0.03790,-0.00112,-0.00148,-0.00618,-0.00661,0.02217,0.02053,0.00025,0.00891,0.02202,0.00375,0.01350,17.00768,16.77732,9.26861,18.44914,17.83162,19.00459,19.73109,31.05078,31.40942,27.92497,33.90053,31.20143,35.13763,35.00794,1.63164,2.26994,1.49282,1.91895,1.38085,2.21840,1.92297
12/16/2021,20.80069,1.14000,0.00000,3.21000,"150,000",2.01268,"1,459,175",0.36008,0.0047,0.0155,0.00454,0.00292,0.01033,-0.00796,0.02023,0.02338,0.02023,0.00035,0.01075,0.02627,0.00408,0.01734,17.06067,16.76229,9.62905,18.63759,18.00833,19.08895,19.98182,31.05381,31.45094,27.93654,33.89558,31.24325,35.13071,35.01848,1.63289,2.30597,1.49428,1.92658,1.41450,2.19952,1.96024
12/17/2021,20.66492,-2.05000,0.00000,3.01000,"200,000",2.23327,"1,493,237",0.16697,-0.0030,0.0038,-0.00559,-0.00158,-0.01333,0.01585,0.00693,0.01633,0.01422,0.00002,0.00872,0.02873,0.00398,0.01368,16.70215,16.41018,6.90776,18.42838,18.09763,19.06411,19.74429,31.05501,31.46687,27.93421,33.88668,31.19372,35.13070,35.03301,1.63453,2.31838,1.48499,1.92042,1.37957,2.24044,1.97617
12/20/2021,20.61908,-1.45000,0.00000,3.02000,"-50,000",1.93486,"1,540,478",0.15892,0.0081,-0.0116,-0.01757,-0.00493,0.00978,0.01353,-0.00106,0.02535,0.01335,0.00002,0.01027,0.02071,0.00343,0.01220,17.14187,16.34658,6.55108,18.59208,17.77046,18.91654,19.63021,31.06034,31.44773,27.90854,33.88375,31.21727,35.13819,35.02037,1.64990,2.29930,1.46201,1.91080,1.40003,2.27939,1.96804
12/21/2021,20.76398,2.46000,0.00000,3.39000,"-150,000",1.78691,"1,555,455",0.20317,0.0156,0.0035,-0.00654,0.00408,0.00374,-0.00341,0.01785,0.02741,0.01616,0.00001,0.01165,0.02638,0.00444,0.01456,17.21989,16.53772,6.39693,18.71789,18.01234,19.17446,19.80668,31.07134,31.43784,27.90187,33.87622,31.24876,35.13004,35.03322,1.67462,2.28253,1.45158,1.91558,1.41473,2.27213,2.00437
12/22/2021,20.97049,1.31000,0.00000,3.37000,0,2.02058,"1,571,780",0.21122,0.0166,0.0231,0.02528,0.00061,0.00806,-0.01393,0.01771,0.02813,0.01830,0.00005,0.01401,0.03367,0.00475,0.01941,17.24591,16.66198,7.60090,18.90213,18.25639,19.24164,20.09468,31.08330,31.41333,27.93443,33.86408,31.27634,35.11905,35.04284,1.69905,2.32470,1.48475,1.91866,1.43385,2.24001,2.03490
12/23/2021,20.65773,1.56000,0.00000,2.71000,"60,000",2.23475,"1,588,335",0.20519,-0.0026,-0.0191,-0.01566,-0.00348,0.02119,-0.02365,-0.00487,0.01874,0.03334,0.00009,0.00991,0.01725,0.00295,0.01419,16.83964,17.26213,8.26873,18.55599,17.58748,18.76567,19.78120,31.07679,31.40045,27.92374,33.85777,31.31341,35.10346,35.01793,1.68844,2.28492,1.46093,1.91640,1.46854,2.18404,2.00944
12/24/2021,20.40899,-0.71000,-60.00000,3.06000,0,2.63988,"1,604,712",0.19915,-0.0033,0.0022,0.00428,0.00178,0.00741,0.02576,-0.00534,0.01891,0.00943,0.00004,0.00870,0.02673,0.00244,0.01010,16.84890,15.99927,7.43838,18.42627,18.02564,18.58491,19.44090,31.07974,31.40682,27.92144,33.87240,31.31860,35.14210,35.02130,1.68473,2.31376,1.46604,1.91863,1.47389,2.23801,1.99947
12/27/2021,20.42883,2.46000,-30.00000,3.65000,0,2.33406,"1,651,673",0.15490,0.0085,0.0097,-0.00492,0.00569,0.00961,0.00793,0.00725,0.01891,0.00943,0.00004,0.00852,0.02672,0.00251,0.01050,16.84890,15.99927,7.43838,18.40435,18.02502,18.61630,19.48046,31.10766,31.41365,27.90457,33.87778,31.34789,35.15168,35.03248,1.71284,2.33331,1.46178,1.92833,1.50323,2.25971,2.01379
12/28/2021,20.70977,0.34000,25.00000,3.48000,"-100,000",2.54638,"1,666,545",0.13478,0.0065,0.0016,0.01011,0.01078,-0.01173,0.00411,0.00856,0.02778,0.01540,0.00010,0.01058,0.03445,0.00430,0.01255,17.23343,16.48957,8.41183,18.62184,18.27913,19.15266,19.65878,31.10611,31.40953,27.91303,33.88020,31.31481,35.16043,35.03386,1.72186,2.33395,1.47734,1.94159,1.47090,2.26274,2.03217
12/29/2021,20.53271,0.29000,-15.00000,3.27000,0,2.43981,"1,680,985",0.11869,0.0078,-0.0131,0.03656,-0.00046,0.00137,0.00614,0.00199,0.02369,0.01095,0.00016,0.00824,0.02552,0.00348,0.01107,17.07426,16.14903,8.80986,18.37173,17.97921,18.94167,19.53303,31.09681,31.38196,27.95509,33.87601,31.34864,35.16246,35.01890,1.72388,2.30985,1.52900,1.94199,1.48622,2.27641,2.02266
12/30/2021,20.40551,0.09000,-55.00000,3.22000,"-200,000",1.99882,"1,694,874",0.24944,0.0066,0.0143,-0.02492,0.00072,0.00988,-0.00566,-0.00577,0.01504,0.01121,0.00006,0.00621,0.01603,0.00333,0.01042,16.61963,16.17166,7.90101,18.08899,17.51403,18.91245,19.47254,31.09121,31.40708,27.92791,33.87551,31.33006,35.18424,35.01338,1.72256,2.33636,1.48967,1.94071,1.48706,2.35077,2.01032
12/31/2021,20.54983,-1.54000,60.00000,3.74000,0,1.88479,"1,714,742",0.20921,0.0017,-0.0142,-0.01368,0.00204,-0.02091,0.00711,-0.00042,0.01927,0.01204,0.00011,0.00994,0.02872,0.00435,0.00983,16.86765,16.24342,8.43381,18.55866,18.09720,19.17918,19.41455,31.09253,31.39455,27.90882,33.89134,31.28464,35.19951,35.01982,1.72883,2.29945,1.47190,1.94622,1.43884,2.36329,2.01653
1/4/2022,20.49701,2.55000,-73.00000,3.06000,"190,000",1.26076,"1,778,976",0.26553,-0.0718,-0.0447,-0.01672,-0.06168,-0.08638,-0.07602,-0.07091,0.01487,0.01182,0.00142,0.00951,0.02823,0.00390,0.00888,16.65883,16.22494,11.01370,18.52274,18.08018,19.08293,19.36263,30.92313,31.33756,27.88723,33.79319,31.20879,35.17282,35.02481,1.45904,2.06688,1.55638,1.86186,1.33697,2.06933,1.89311
1/5/2022,20.69212,0.03000,3.00000,2.93000,"100,000",1.36557,"1,800,704",0.22329,0.0048,0.0015,-0.01179,0.00634,0.04852,-0.00723,0.01460,0.02249,0.01502,0.00003,0.01069,0.02672,0.00385,0.01275,17.07236,16.46455,7.09008,18.63923,18.02534,19.06951,19.72485,30.92588,31.32867,27.87229,33.79825,31.27053,35.16282,35.02930,1.46737,2.06513,1.53600,1.87966,1.40629,2.05401,1.92277
1/6/2022,20.77657,1.76000,-10.00000,3.87000,"25,000",1.71183,"1,817,721",0.29973,0.0246,-0.0059,-0.00338,0.00647,0.01904,-0.00527,0.01847,0.02715,0.02084,0.00012,0.01255,0.02231,0.00425,0.01455,17.26044,16.79213,8.53700,18.80023,17.84493,19.16686,19.85648,30.94587,31.32509,27.87502,33.79531,31.28061,35.16084,35.05336,1.50578,2.04508,1.52712,1.89252,1.42680,2.04548,1.95842
1/7/2022,20.63322,-0.18000,-60.00000,2.46000,"-205,000",1.69434,"1,843,563",0.20116,0.0057,0.0171,0.02597,0.00568,0.01546,-0.00597,0.00380,0.02753,0.01882,0.00029,0.00989,0.02505,0.00335,0.01160,17.27446,16.69023,9.43348,18.56134,17.96067,18.94972,19.62060,30.94937,31.35172,27.90045,33.79622,31.28518,35.19966,35.04881,1.50826,2.06523,1.56091,1.90052,1.44365,2.03280,1.99255
1/10/2022,20.96595,-0.80000,10.00000,2.72000,"230,000",1.88156,"1,899,575",0.14886,-0.0031,-0.0199,0.01261,-0.00283,0.00222,-0.02687,-0.00223,0.03120,0.02198,0.00004,0.01200,0.04690,0.00367,0.01947,17.39969,16.84545,7.37776,18.75488,18.58778,19.04114,20.13895,30.93886,31.30684,27.91297,33.78707,31.31549,35.18530,35.03418,1.49563,2.02582,1.58163,1.89011,1.46988,1.97616,1.98104
1/11/2022,20.89465,2.76000,3.00000,3.69000,"45,000",1.74028,"1,914,393",0.19312,-0.0107,-0.0205,-0.02360,-0.01070,0.00692,-0.01698,0.00355,0.03029,0.03351,0.00009,0.01063,0.02348,0.00328,0.02086,17.37018,17.26704,8.24276,18.63362,17.89582,18.93088,20.20788,30.92257,31.29035,27.88695,33.78195,31.29342,35.18001,35.03043,1.48159,1.98492,1.54703,1.87118,1.46529,1.93774,1.99865
1/12/2022,20.78328,1.04000,0.00000,3.39000,"30,000",1.26188,"1,930,428",0.32588,-0.0165,-0.0051,-0.02437,-0.01218,-0.01711,0.02707,-0.02854,0.02658,0.00745,0.00007,0.01081,0.03565,0.00513,0.01271,17.23953,15.76289,8.00637,18.65237,18.31361,19.38224,19.71549,30.90454,31.28208,27.86863,33.78241,31.25431,35.21829,35.02705,1.44905,1.98465,1.50555,1.85375,1.42969,1.97189,1.94264
1/13/2022,20.65554,-0.71000,12.00000,1.41000,"-50,000",0.95386,"1,958,719",0.21524,-0.0184,-0.0132,0.00454,-0.01832,-0.02952,-0.01058,-0.03836,0.02454,0.00328,0.00003,0.01008,0.03123,0.00565,0.00935,17.15952,14.94167,7.17012,18.58226,18.18119,19.48006,19.40865,30.88291,31.24813,27.87119,33.77471,31.20619,35.22781,35.00085,1.42044,1.96711,1.51298,1.81780,1.38231,1.94705,1.87172
1/14/2022,20.37650,2.25000,0.00000,3.52000,"50,000",0.39968,"1,975,444",0.19513,-0.0046,-0.0105,0.01941,-0.00046,0.00389,-0.00535,-0.00734,0.01822,0.00342,0.00007,0.00946,0.02694,0.00251,0.00892,16.86165,14.98449,7.97247,18.52360,18.03341,18.66924,19.36161,30.89168,31.26023,27.89662,33.77554,31.22140,35.22852,34.99713,1.41376,1.95363,1.53793,1.83302,1.39186,1.93751,1.85769
1/17/2022,20.59843,0.16000,10.00000,3.45000,"-25,000",-0.27103,"2,023,726",0.00201,-0.0500,-0.0144,-0.00514,-0.02873,-0.02218,-0.04355,-0.04524,0.01538,0.00559,0.00021,0.00944,0.02984,0.00569,0.00797,16.69213,15.47608,9.08251,18.52116,18.13576,19.48709,19.24837,30.83847,31.20908,27.89154,33.74342,31.21223,35.21144,34.95571,1.34461,1.93464,1.52917,1.78543,1.37640,1.85292,1.76808
1/18/2022,20.30839,2.02000,30.00000,4.04000,"50,000",-0.93148,"2,023,726",0.39026,-0.0478,-0.0309,-0.01602,-0.02015,-0.02798,-0.02658,-0.03589,0.01436,0.00363,0.00010,0.00869,0.01714,0.00383,0.00599,16.62369,15.04448,8.34284,18.43854,17.58137,19.09158,18.96384,30.79349,31.18273,27.87560,33.72830,31.18717,35.21134,34.93405,1.28361,1.89302,1.50239,1.76903,1.34480,1.80220,1.70461
1/19/2022,20.09677,-0.88000,-50.00000,2.58000,0,-1.39047,"2,062,308",0.19110,-0.0062,0.0081,0.01613,-0.00546,-0.01743,0.00935,-0.00491,0.01112,0.00277,0.00005,0.00691,0.01638,0.00242,0.00638,16.36827,14.77379,7.64969,18.21002,17.53581,18.63286,19.02660,30.79301,31.20201,27.89070,33.71998,31.14870,35.20582,34.94148,1.27627,1.91710,1.52811,1.76640,1.31221,1.81801,1.69677
1/20/2022,20.41266,-0.28000,-55.00000,3.67000,"200,000",-0.93725,"2,078,267",0.21323,0.0273,0.0189,-0.02822,0.02391,0.02152,0.02191,0.03254,0.01355,0.03180,0.00011,0.00591,0.01985,0.00298,0.01084,16.56564,17.21463,8.49699,18.05383,17.75805,18.84101,19.56715,30.80242,31.24719,27.86068,33.73688,31.18287,35.22537,34.95982,1.29565,1.95174,1.48762,1.79737,1.32294,1.86030,1.75435
1/21/2022,20.43733,0.31000,-20.00000,2.75000,"-200,000",-0.45161,"2,094,982",0.18708,0.0148,-0.0085,0.00454,0.00139,0.00292,0.00542,0.01361,0.01253,0.00994,0.00008,0.00595,0.01276,0.00404,0.01114,16.51291,16.05191,8.16052,18.05972,17.31606,19.14521,19.60037,30.85758,31.22448,27.86272,33.72585,31.19476,35.24160,34.96779,1.31075,1.92545,1.49448,1.79250,1.32703,1.87098,1.77505
1/24/2022,20.43847,-0.62000,50.00000,3.86000,"175,000",-0.35927,"2,141,602",0.13277,-0.0529,-0.0170,0.02462,-0.02702,-0.05266,-0.03428,-0.04201,0.01135,0.01012,0.00006,0.00910,0.01878,0.00441,0.00838,16.41418,16.07000,7.82405,18.48460,17.70299,19.23286,19.31543,30.80565,31.18403,27.88240,33.68506,31.12649,35.24049,34.93296,1.24679,1.90032,1.53744,1.75096,1.25272,1.80790,1.70714
1/25/2022,20.32881,0.72000,-45.00000,3.70000,"500,000",-0.56615,"2,155,964",0.18306,0.0090,-0.0043,-0.00143,0.00871,-0.01962,0.01612,0.00880,0.00689,0.01143,0.00001,0.00633,0.02121,0.00373,0.00829,15.91424,16.19111,6.39693,18.12255,17.82435,19.06492,19.30536,30.82627,31.22000,27.88518,33.70953,31.08858,35.27270,34.96219,1.25994,1.91011,1.52533,1.76006,1.21865,1.83881,1.73594
1/26/2022,20.41119,1.47000,0.00000,3.49000,"150,000",-0.70346,"2,171,707",0.18909,-0.0001,0.0068,0.00229,-0.00592,0.01413,0.00532,-0.01832,0.00755,0.00707,0.00008,0.00509,0.01799,0.00523,0.00894,16.00681,15.71080,8.13153,17.90473,17.66000,19.40294,19.38130,30.82496,31.22810,27.87919,33.70680,31.11815,35.27829,34.96004,1.26033,1.93217,1.53783,1.75179,1.24435,1.84416,1.71530
1/27/2022,20.01743,0.31000,0.00000,2.83000,"-225,000",-1.06777,"2,187,661",0.18105,-0.0217,0.0036,-0.01480,-0.00402,-0.01212,0.00435,-0.01917,0.00668,0.00523,0.00002,0.00449,0.00578,0.00325,0.00630,15.88369,15.40914,6.68461,17.77951,16.52367,18.92788,19.03104,30.81017,31.21024,27.86195,33.70346,31.11539,35.26539,34.95394,1.23419,1.94107,1.51468,1.74118,1.23062,1.84960,1.68481
1/28/2022,20.26156,0.13000,15.00000,3.96000,"250,000",-0.87085,"2,203,388",0.15691,0.0134,0.0105,0.00000,0.00941,-0.00314,0.02060,0.00934,0.00580,0.00635,0.00000,0.00453,0.02120,0.00379,0.00793,15.74219,15.60311,,17.78664,17.82398,19.08316,19.26090,30.83736,31.22559,27.86195,33.70874,31.08081,35.27383,34.95878,1.26022,1.95838,1.51468,1.76058,1.21143,1.88590,1.69335
2/7/2022,20.04963,3.71000,20.00000,3.86000,"550,000",-0.08646,"2,342,151",0.21726,0.0442,0.0303,0.04622,0.02173,0.03092,0.01601,0.02338,0.00683,0.00584,0.00019,0.00495,0.00913,0.00308,0.00566,15.90656,15.52051,8.98720,17.87612,16.98205,18.87612,18.92483,30.88239,31.26116,27.91496,33.73292,31.10821,35.28071,34.95560,1.31337,2.03621,1.58206,1.79318,1.24387,1.91491,1.71596
2/8/2022,20.30287,-1.70000,50.00000,4.11000,"325,000",0.70790,"2,358,966",0.27358,0.0142,0.0106,0.01074,0.00876,0.01757,0.00792,-0.00279,0.00736,0.01038,0.00012,0.00653,0.00904,0.00416,0.00776,15.98112,16.09472,8.53700,18.16049,16.97165,19.17620,19.24010,30.89055,31.28737,27.92470,33.76294,31.12558,35.28675,34.94183,1.32297,2.06779,1.60689,1.80583,1.26729,1.92835,1.70387
2/9/2022,20.38316,0.47000,-35.00000,4.27000,"-900,000",1.51321,"2,380,875",0.28364,0.0223,0.0041,0.01100,0.01019,0.00635,0.00635,0.01392,0.00884,0.00647,0.00007,0.00813,0.00851,0.00429,0.00883,16.16432,15.62201,7.93737,18.37987,16.91162,19.20560,19.36848,30.90430,31.29587,27.94350,33.78303,31.13510,35.28472,34.94557,1.34245,2.06798,1.61701,1.81713,1.27666,1.93883,1.72896
2/10/2022,20.18401,-0.39000,0.00000,4.27000,"-475,000",1.70518,"2,404,831",0.30174,0.0032,0.0177,0.00709,0.00360,0.00394,0.00082,0.00718,0.00797,0.00663,0.00005,0.00659,0.01227,0.00351,0.00574,16.06054,15.64657,7.74066,18.17039,17.27707,19.00496,18.93915,30.89950,31.31801,27.94760,33.78540,31.15165,35.28506,34.93826,1.33960,2.09247,1.62831,1.82043,1.28509,1.94209,1.74150
2/11/2022,20.11952,3.62000,5.00000,4.01000,"-350,000",2.03070,"2,430,863",0.30577,0.0108,0.0050,-0.01111,-0.00319,-0.00567,0.00845,-0.00216,0.00800,0.01196,0.00008,0.00617,0.01025,0.00328,0.00559,16.06378,16.23652,8.18869,18.10449,17.09689,18.93859,18.91130,30.90643,31.31654,27.93548,33.79052,31.13366,35.28438,34.92627,1.35432,2.09832,1.60639,1.81992,1.27328,1.95781,1.73517
2/14/2022,20.38721,0.66000,40.00000,3.03000,"1,000,000",2.64480,"2,511,040",0.33192,-0.0114,-0.0136,0.02299,-0.00763,-0.02416,-0.03733,-0.00848,0.01079,0.00575,0.00069,0.00665,0.01123,0.00519,0.00665,16.36321,15.50430,10.29553,18.18051,17.18905,19.39560,19.08541,30.90155,31.30493,27.95958,33.78819,31.08787,35.23380,34.91675,1.34245,2.08339,1.65024,1.80795,1.23245,1.88139,1.72334
2/15/2022,20.09569,-2.32000,25.00000,3.92000,"450,000",2.91614,"2,540,453",0.35002,-0.0017,-0.0026,0.00511,0.00156,0.00670,0.00977,0.00979,0.00721,0.00536,0.00092,0.00539,0.02140,0.00336,0.00484,15.96024,15.43407,10.57898,17.97106,17.83358,18.96308,18.76727,30.91857,31.30750,27.96191,33.79367,31.09625,35.24989,34.93779,1.35213,2.08836,1.67302,1.81286,1.23995,1.90061,1.74416
2/16/2022,20.19630,-1.50000,0.00000,3.90000,"-350,000",2.51709,"2,572,267",0.36410,0.0123,0.0050,0.01617,0.00801,0.00997,0.00584,0.02317,0.01113,0.00945,0.00020,0.00652,0.01090,0.00241,0.00796,16.39392,16.00095,9.05952,18.16121,17.15923,18.62784,19.26591,30.93219,31.31357,27.98071,33.79850,31.09971,35.24531,34.94244,1.36760,2.08747,1.69620,1.82970,1.24506,1.90993,1.77832
2/17/2022,20.14386,0.87000,35.00000,3.95000,"300,000",2.43728,"2,606,984",0.37617,0.0048,0.0153,0.01686,0.00770,0.00618,0.00344,0.00470,0.00764,0.00988,0.00007,0.00620,0.01101,0.00212,0.00698,16.01800,16.04621,8.07091,18.12051,17.16888,18.50091,19.13345,30.93567,31.31844,27.99734,33.81578,31.11404,35.25441,34.95083,1.37421,2.12547,1.73043,1.84423,1.25833,1.91795,1.78667
2/18/2022,20.28023,0.85000,35.00000,3.95000,"350,000",3.30262,"2,643,184",0.41842,0.0037,0.0255,-0.00131,0.00220,0.00621,0.00659,0.01394,0.01140,0.00981,0.00033,0.00741,0.01420,0.00329,0.00712,16.41813,16.03894,9.54681,18.29865,17.42333,18.93942,19.15376,30.94580,31.35349,27.99956,33.81910,31.12238,35.24584,34.94846,1.38029,2.19472,1.73121,1.84527,1.26332,1.93032,1.80818
2/21/2022,20.36338,3.33000,-20.00000,3.98000,"-250,000",3.69359,"2,787,653",0.43853,0.0151,0.0062,-0.00016,0.00704,0.00628,0.01151,0.01780,0.01118,0.01164,0.00014,0.00728,0.01146,0.00341,0.00896,16.39921,16.20968,8.71604,18.28148,17.20883,18.97679,19.38398,30.95515,31.36282,27.99891,33.81936,31.13414,35.24890,34.95753,1.40120,2.21867,1.73077,1.85523,1.27173,1.95130,1.83871
2/22/2022,20.54579,-1.40000,15.00000,3.75000,"350,000",3.86806,"2,834,533",0.48078,-0.0630,0.0121,0.02719,-0.00546,-0.01044,-0.00715,-0.01685,0.01966,0.01296,0.00009,0.00860,0.01251,0.00366,0.01083,16.94604,16.31741,8.24276,18.44775,17.29678,19.04737,19.57299,30.94370,31.36011,28.03125,33.81215,31.12311,35.25096,34.94490,1.37913,2.24663,1.78658,1.84421,1.25867,1.93462,1.80620
2/23/2022,20.24888,1.15000,10.00000,3.85000,"200,000",4.14919,"2,890,682",0.56326,0.0094,-0.0008,0.00127,0.00422,0.01067,0.00495,0.01529,0.01127,0.00797,0.00036,0.00606,0.01101,0.00314,0.00639,16.38960,15.83047,9.64212,18.09832,17.16903,18.89347,19.04558,30.95467,31.35970,28.02849,33.81840,31.12130,35.25324,34.95261,1.39557,2.23725,1.78376,1.85319,1.26696,1.94380,1.83524
2/24/2022,20.79696,1.09000,15.00000,3.92000,"450,000",3.90230,"2,972,538",0.50894,-0.0237,-0.0190,-0.01576,-0.01347,-0.02871,-0.00970,-0.02489,0.01748,0.01440,0.00021,0.01088,0.02420,0.00541,0.01258,16.82891,16.42261,9.09381,18.68272,17.95630,19.43739,19.72328,30.94304,31.34125,28.00899,33.80752,31.07501,35.23975,34.93335,1.37059,2.20137,1.75913,1.84457,1.22386,1.92154,1.79210
2/25/2022,20.34537,-1.40000,-20.00000,3.70000,"2,050,000",3.54088,"3,041,666",0.54515,0.0128,0.0128,-0.01014,0.00912,0.01411,0.01484,0.01023,0.01154,0.00639,0.00022,0.00790,0.01341,0.00412,0.00683,16.41314,15.61071,9.16952,18.36256,17.36594,19.16696,19.11202,30.96750,31.35264,27.99366,33.81163,31.07376,35.24684,34.93336,1.39239,2.23781,1.72611,1.85481,1.23443,1.95051,1.80575
2/28/2022,20.30356,3.48000,-15.00000,3.90000,"-400,000",2.85432,"3,321,165",0.07644,0.0195,0.0039,-0.00066,0.00650,-0.00213,-0.00362,-0.00213,0.01460,0.00639,0.00012,0.01072,0.01266,0.00301,0.00559,16.64872,15.60977,8.53700,18.66791,17.30853,18.85240,18.91182,30.99418,31.33578,28.00136,33.82395,31.07159,35.23816,34.91898,1.42103,2.22172,1.72472,1.86438,1.22942,1.94363,1.79632
3/1/2022,20.44984,9.56000,10.00000,3.81000,"75,000",2.53341,"3,443,645",0.05431,0.0103,-0.0024,0.00838,0.00840,0.01405,0.00682,0.01283,0.01696,0.00885,0.00014,0.00987,0.01541,0.00332,0.00786,16.79843,15.93619,8.69951,18.58557,17.50516,18.95051,19.25696,31.00392,31.34834,28.00541,33.82347,31.10079,35.24051,34.93182,1.43959,2.21359,1.73371,1.87447,1.25144,1.96039,1.82037
3/2/2022,20.57363,7.05000,25.00000,3.76000,"775,000",2.45786,"3,557,789",0.16294,-0.0059,-0.0027,-0.00502,-0.00417,0.01649,-0.01962,-0.00507,0.01330,0.00766,0.00014,0.00945,0.01498,0.00609,0.00715,16.55563,15.79112,8.68271,18.54233,17.47672,19.55681,19.16181,30.99583,31.33097,28.00154,33.82440,31.11740,35.21573,34.92799,1.43226,2.19657,1.70692,1.87660,1.27293,1.92424,1.81438
3/3/2022,20.56116,-4.26000,-5.00000,3.79000,"525,000",3.09435,"3,709,641",0.22933,0.0162,0.0016,0.03763,0.01551,0.03308,0.01382,0.00996,0.01968,0.00629,0.00049,0.01506,0.01711,0.00353,0.00735,16.96421,15.59354,9.94750,19.00807,17.60997,19.01243,19.18968,31.01921,31.34176,28.04540,33.85329,31.14111,35.22783,34.93641,1.45520,2.20339,1.77449,1.89553,1.31165,1.95123,1.83316
3/4/2022,20.54601,7.69000,-5.00000,2.88000,"250,000",3.37439,"3,885,791",0.22530,0.0059,0.0048,0.01123,0.00395,0.02541,0.00663,0.01142,0.01732,0.00906,0.00027,0.00992,0.02658,0.00367,0.00897,16.83663,15.95955,9.34137,18.59041,18.05011,19.05050,19.38820,31.01875,31.34716,28.06840,33.84301,31.18275,35.23131,34.93935,1.46051,2.21841,1.79664,1.90105,1.35700,1.96456,1.85268
3/7/2022,20.60367,6.15000,15.00000,3.66000,"2,325,000",3.32247,"4,434,860",0.14685,0.0101,0.0059,0.01275,0.00476,0.02259,-0.00937,-0.00447,0.01534,0.01494,0.00030,0.01163,0.02051,0.00361,0.00954,16.71526,16.45906,9.45720,18.74986,17.79096,19.03267,19.45049,31.02434,31.36547,28.07934,33.84754,31.21036,35.21878,34.92532,1.46894,2.21957,1.79834,1.90585,1.39276,1.94916,1.83839
3/8/2022,20.66255,4.87000,0.00000,3.13000,"3,100,000",2.93462,"4,582,218",0.24542,-0.0075,0.0005,0.00511,-0.00873,-0.02499,-0.01213,-0.01927,0.02729,0.01595,0.00014,0.01212,0.01921,0.00413,0.00950,17.33256,16.52451,8.73230,18.79609,17.72559,19.16828,19.44585,31.02116,31.34442,28.08093,33.82839,31.16348,35.20106,34.90711,1.45377,2.19140,1.80635,1.89056,1.35264,1.92777,1.79733
3/9/2022,20.56574,-17.12000,-10.00000,3.51000,"-1,500,000",3.17876,"4,777,033",0.30778,0.0042,-0.0067,-0.01108,-0.00272,0.00202,-0.00188,-0.00343,0.01808,0.01158,0.00017,0.01139,0.02363,0.00327,0.00809,16.92103,16.20486,8.86785,18.73405,17.93243,18.93616,19.28596,31.02005,31.33508,28.06908,33.83360,31.16902,35.20063,34.90181,1.45430,2.19349,1.77959,1.88337,1.35333,1.92140,1.79477
3/10/2022,20.21880,-3.46000,0.00000,3.17000,"-3,900,000",2.87736,"5,042,196",0.26956,0.0095,0.0147,-0.00636,0.01121,0.01589,0.00974,0.01238,0.01229,0.00857,0.00010,0.00765,0.01557,0.00201,0.00634,16.53461,15.90349,8.38936,18.33587,17.51574,18.44908,19.04150,31.02903,31.35145,28.06194,33.83207,31.18471,35.20609,34.91486,1.46683,2.23527,1.76976,1.90074,1.37476,1.93888,1.81885
3/11/2022,20.52943,3.27000,38.00000,4.08000,"1,600,000",2.08167,"5,260,655",0.23938,-0.0113,-0.0110,-0.00358,0.00524,-0.00398,-0.00756,-0.01264,0.01918,0.01031,0.00017,0.01310,0.02450,0.00310,0.00694,16.97969,16.08848,8.88184,18.87316,17.96883,18.88225,19.13166,31.01917,31.32629,28.05858,33.81379,31.19378,35.20793,34.90917,1.44942,2.21909,1.76748,1.91822,1.37227,1.92415,1.79365
3/14/2022,20.47533,-6.86000,17.00000,3.70000,"100,000",2.13787,"6,112,808",0.33192,-0.0244,-0.0114,0.00693,-0.01080,-0.02168,-0.01591,-0.00685,0.01614,0.00817,0.00030,0.01137,0.01690,0.00325,0.00755,16.80746,15.85517,9.45720,18.73217,17.59758,18.92746,19.21700,30.98879,31.30056,28.06609,33.79011,31.16063,35.20348,34.90246,1.41564,2.19171,1.78287,1.90210,1.33597,1.88961,1.78407
3/15/2022,20.23260,-7.51000,-10.00000,3.74000,"-1,100,000",1.97243,"6,377,598",0.35002,-0.0041,0.0051,-0.00425,0.00234,0.01588,0.00713,0.01701,0.01023,0.00557,0.00020,0.00780,0.01164,0.00238,0.00683,16.35146,15.47271,9.04782,18.35564,17.23042,18.61926,19.11717,30.98313,31.31789,28.06632,33.79276,31.17019,35.20230,34.90772,1.40733,2.20720,1.77703,1.90546,1.35471,1.90260,1.81073
3/16/2022,20.07644,-0.69000,-1.00000,3.56000,"150,000",1.95808,"6,553,078",0.36410,0.0238,0.0122,0.01377,0.00543,0.00394,0.00865,0.00823,0.01454,0.00695,0.00016,0.00623,0.01628,0.00201,0.00607,16.70325,15.69400,8.85367,18.13067,17.56581,18.44950,18.99870,31.00829,31.32039,28.08240,33.80008,31.18174,35.20845,34.91015,1.44808,2.22672,1.80306,1.91559,1.35510,1.92122,1.82393
17/03/2022,20.30988,8.95000,-14.00000,3.74000,"-150,000",1.67559,"6,820,618",0.37617,0.0197,0.0180,-0.04224,0.00474,0.01780,0.00639,0.00936,0.01438,0.01093,0.00016,0.00818,0.02024,0.00218,0.00845,16.69172,16.14635,8.82468,18.40225,17.78347,18.52941,19.33022,31.03492,31.34559,28.02838,33.79867,31.21488,35.21671,34.91354,1.48404,2.26425,1.72302,1.92016,1.38410,1.93705,1.83902
3/18/2022,20.39087,1.04000,-5.00000,3.77000,"500,000",1.83855,"7,174,583",0.41842,0.0040,0.0079,0.03412,0.00199,-0.00708,0.00481,0.00595,0.02282,0.00898,0.00022,0.00844,0.01231,0.00260,0.00998,17.15365,15.95037,9.15905,18.43435,17.28648,18.71030,19.49645,31.03271,31.34633,28.07034,33.80139,31.20708,35.22303,34.92155,1.48315,2.26088,1.78216,1.92303,1.37306,1.95014,1.84835
3/21/2022,20.35416,8.17000,0.00000,3.43000,"100,000",1.92688,"7,958,208",0.09857,0.0093,0.0164,-0.00065,0.00308,0.00457,0.01537,0.02110,0.01305,0.00722,0.00045,0.00841,0.01573,0.00225,0.01024,16.59468,15.73267,9.87303,18.43028,17.53143,18.56405,19.52154,31.05051,31.35513,28.06408,33.80932,31.21858,35.23085,34.95449,1.50696,2.28732,1.78946,1.92973,1.38152,1.97960,1.88981
3/22/2022,20.58053,-1.96000,10.00000,3.68000,0,2.57608,"8,089,921",0.29169,0.0076,0.0193,0.02295,0.00212,0.00975,0.00644,0.00230,0.02147,0.01108,0.00020,0.00957,0.03095,0.00303,0.01181,17.09247,16.16010,9.03599,18.55927,18.20813,18.86328,19.66476,31.05009,31.36319,28.09488,33.81422,31.25191,35.23487,34.96118,1.51844,2.31555,1.82315,1.93344,1.40400,1.98950,1.89252
3/23/2022,20.43822,6.89000,2.00000,3.74000,"-250,000",2.40412,"8,339,074",0.12472,0.0051,0.0137,0.04507,0.00518,0.00476,0.00150,0.00052,0.02092,0.01140,0.00042,0.01038,0.01701,0.00245,0.00933,17.06691,16.18844,9.80918,18.64056,17.60970,18.65168,19.42955,31.07360,31.39376,28.14543,33.81965,31.25639,35.23209,34.95722,1.53142,2.34894,1.90518,1.93997,1.40495,1.98699,1.89129
3/24/2022,20.40830,-3.55000,-3.00000,3.69000,"300,000",2.21697,"8,479,911",0.07242,0.0092,0.0096,0.00821,0.00828,0.00279,-0.00210,0.00902,0.01553,0.00845,0.00039,0.00967,0.01869,0.00213,0.01010,16.76876,15.88911,9.73507,18.56952,17.70387,18.51168,19.50834,31.08491,31.43258,28.16677,33.82067,31.25953,35.22422,34.95416,1.54719,2.37638,1.91552,1.95268,1.41335,1.98541,1.90361
3/25/2022,20.35906,1.55000,-8.00000,3.70000,"300,000",2.22665,"8,599,911",0.19714,0.0225,0.0136,0.01526,0.01042,0.01755,-0.00176,0.00772,0.02607,0.00979,0.00033,0.00910,0.01793,0.00218,0.00828,17.28690,16.03629,9.54681,18.50958,17.66226,18.53204,19.31092,31.12591,31.44606,28.18300,33.82317,31.27212,35.22108,34.95717,1.59114,2.40626,1.93972,1.96767,1.43311,1.98778,1.91558
3/28/2022,20.67568,-10.09000,-1.00000,3.78000,"500,000",2.86189,"9,011,633",0.30376,-0.0064,0.0000,0.02942,-0.00539,0.01371,-0.01704,-0.01977,0.02746,0.00913,0.00057,0.01207,0.03785,0.00343,0.01139,17.33877,15.96635,10.10643,18.79140,18.40942,18.98687,19.62938,31.13332,31.46114,28.22399,33.81565,31.30803,35.20554,34.94122,1.58881,2.41190,1.99753,1.95082,1.45901,1.95968,1.87953
3/29/2022,20.30290,1.90000,5.00000,3.66000,"-250,000",3.07202,"9,275,009",0.04426,0.0109,-0.0127,0.04243,0.01131,-0.00058,0.01189,0.01592,0.01531,0.02867,0.00035,0.00802,0.01775,0.00214,0.00681,16.75445,17.11094,9.62245,18.38243,17.65251,18.51256,19.11650,31.13090,31.45324,28.27447,33.82043,31.30270,35.21268,34.95432,1.60089,2.40228,2.08494,1.97324,1.45676,1.98662,1.91171
3/30/2022,20.55978,2.29000,-11.00000,3.56000,"-150,000",2.41702,"9,386,649",0.57533,-0.0133,-0.0067,0.00405,-0.01517,-0.01595,-0.00246,-0.02275,0.02360,0.00504,0.00067,0.01056,0.02602,0.00318,0.00939,17.18732,15.37254,10.26465,18.66046,18.03471,18.90955,19.43735,31.11915,31.45764,28.29020,33.80966,31.29285,35.22070,34.94025,1.58175,2.40365,2.08994,1.95257,1.43464,1.97535,1.87229
3/31/2022,20.21096,-5.59000,-16.00000,3.69000,"-350,000",2.36998,"9,472,414",0.60952,-0.0169,-0.0077,-0.01914,-0.00386,-0.00401,-0.00409,-0.00883,0.01646,0.02430,0.00045,0.00922,0.01686,0.00201,0.00586,16.82715,16.94565,9.87817,18.52470,17.60066,18.45048,18.96603,31.09807,31.48761,28.26218,33.80605,31.27940,35.22260,34.94168,1.55380,2.40593,2.04625,1.94415,1.42111,1.97345,1.86374
4/1/2022,20.54535,-1.34000,-1.00000,3.67000,"150,000",2.96110,"9,564,769",0.57734,0.0155,0.0005,-0.00350,0.00555,0.01203,0.01668,0.01383,0.01685,0.01449,0.00025,0.00790,0.01527,0.00345,0.01239,16.85040,16.42850,9.26861,18.37030,17.50143,18.99122,19.71479,31.12709,31.48290,28.26324,33.82682,31.29050,35.24049,34.95692,1.58877,2.40092,2.04498,1.95712,1.43710,2.00738,1.88900
4/4/2022,20.36056,3.27000,9.00000,3.69000,"-50,000",3.13172,"9,818,488",0.44658,0.0042,0.0231,0.01482,0.00281,-0.00415,0.01905,0.00274,0.01147,0.00675,0.00034,0.00765,0.01238,0.00406,0.00713,16.46546,15.66433,9.58190,18.33916,17.29203,19.15612,19.16257,31.12663,31.50962,28.27741,33.83587,31.28295,35.24097,34.96269,1.59018,2.46012,2.08164,1.95814,1.43538,2.03937,1.89130
4/5/2022,20.26237,-2.46000,27.00000,3.95000,"25,000",2.83952,"9,867,205",0.47474,-0.0057,-0.0005,-0.00048,-0.00278,0.00581,-0.00725,-0.00272,0.00899,0.01236,0.00019,0.00590,0.01277,0.00279,0.00812,16.22257,16.27000,8.99962,18.08026,17.32322,18.78095,19.29208,31.11783,31.49740,28.27588,33.83492,31.29136,35.23205,34.96199,1.57622,2.46697,2.07942,1.94804,1.44103,2.02914,1.88946
4/6/2022,20.58667,-4.07000,-7.00000,3.95000,"-200,000",2.71925,"9,922,200",0.48480,-0.0209,-0.0227,-0.03084,-0.00535,-0.00896,0.00152,-0.01799,0.01560,0.01439,0.00030,0.01259,0.01524,0.00403,0.01049,16.77335,16.42168,9.45720,18.83762,17.50010,19.14781,19.54841,31.09586,31.45745,28.22630,33.84151,31.27125,35.24567,34.95063,1.53636,2.43649,2.00484,1.93208,1.43017,2.02690,1.85426
4/7/2022,20.40264,-0.43000,-7.00000,3.47000,0,2.16555,"9,980,624",0.60349,-0.0094,-0.0135,-0.02331,-0.01135,-0.01299,-0.01506,-0.02061,0.01346,0.00707,0.00030,0.00813,0.01303,0.00406,0.00706,16.62574,15.71174,9.45720,18.39961,17.34311,19.15612,19.15295,31.08427,31.42126,28.18902,33.82473,31.25732,35.23610,34.93035,1.51630,2.38998,1.95798,1.91227,1.41604,1.99696,1.81301
4/8/2022,20.38245,0.94000,1.00000,3.81000,"150,000",1.14339,"10,070,852",0.49888,-0.0203,-0.0177,0.03355,-0.01169,-0.01762,-0.02268,-0.02191,0.00951,0.00694,0.00039,0.00870,0.02562,0.00337,0.00761,16.27829,15.69288,9.73507,18.46765,18.01931,18.97022,19.22699,31.05866,31.37434,28.23145,33.81120,31.21995,35.22094,34.92881,1.48227,2.36002,2.02775,1.89761,1.37964,1.95008,1.78030
4/12/2022,20.25795,2.09000,28.00000,3.32000,"650,000",0.16322,"10,250,320",0.27760,-0.0325,-0.0172,0.00504,-0.02433,-0.02325,-0.03414,-0.03361,0.01135,0.01012,0.00038,0.00728,0.01763,0.00306,0.00668,16.45733,16.06959,9.68657,18.28961,17.64566,18.87300,19.09740,31.02199,31.35406,28.24055,33.79195,31.18970,35.19927,34.90911,1.43348,2.33835,2.04880,1.85788,1.33979,1.88092,1.72452
4/13/2022,20.22450,3.91000,-1.00000,3.32000,"125,000",-0.01151,"10,273,124",0.28967,0.0186,0.0210,0.00931,0.00486,0.02167,0.01707,0.01976,0.01075,0.00955,0.00033,0.00633,0.01265,0.00277,0.00744,16.40306,16.01197,9.55393,18.15014,17.31383,18.77234,19.20414,31.05279,31.40474,28.24515,33.80275,31.22943,35.20949,34.92594,1.46378,2.40166,2.06469,1.87672,1.37619,1.90531,1.75996
4/14/2022,19.96299,2.65000,13.00000,3.32000,"200,000",-0.14810,"10,297,747",0.27962,-0.0090,0.0059,-0.03286,0.00637,-0.00801,-0.00794,-0.00738,0.00682,0.00667,0.00040,0.00477,0.01364,0.00231,0.00463,15.94794,15.65298,9.74683,17.86755,17.38876,18.59336,18.73085,31.06035,31.40714,28.21281,33.80510,31.19679,35.20042,34.91767,1.46023,2.40869,1.98811,1.87753,1.35157,1.89017,1.74310
4/15/2022,20.22207,0.00000,-1.00000,3.82000,"-300,000",-0.33218,"10,320,759",0.52503,-0.0151,-0.0166,0.00620,0.00028,0.00063,-0.01337,-0.01852,0.00730,0.00735,0.00023,0.00685,0.01688,0.00322,0.00582,16.01523,15.75017,9.17988,18.22915,17.60215,18.94458,18.95997,31.05612,31.36649,28.21802,33.79963,31.21919,35.19791,34.90453,1.44797,2.37258,2.00216,1.88314,1.36149,1.86893,1.71335
4/18/2022,20.43899,0.75000,-9.00000,3.80000,"400,000",-0.33698,"10,432,707",0.42647,-0.0247,-0.0063,-0.04156,-0.02144,-0.03013,-0.03907,-0.03799,0.01360,0.00828,0.00061,0.00925,0.01622,0.00382,0.00808,16.63781,15.86958,10.16585,18.52895,17.56182,19.11483,19.28713,31.06210,31.37167,28.16568,33.78164,31.18518,35.16526,34.88730,1.43655,2.39017,1.91688,1.85299,1.31747,1.79912,1.66093
4/19/2022,20.25906,-5.35000,65.00000,3.62000,"500,000",-0.70889,"10,475,979",0.11064,-0.0274,-0.0339,-0.02371,-0.02014,-0.04295,-0.03932,-0.03717,0.01046,0.00944,0.00027,0.00768,0.01482,0.00296,0.00607,16.37548,16.00048,9.35876,18.34386,17.47157,18.85947,19.00342,31.04306,31.33240,28.12979,33.77200,31.12431,35.14342,34.87065,1.41123,2.33972,1.87385,1.82425,1.26009,1.73092,1.60908
4/20/2022,20.24325,-0.32000,7.00000,3.62000,"-250,000",-1.37086,"10,489,479",0.10460,-0.0374,-0.0211,-0.03678,-0.02925,-0.04617,-0.02256,-0.03742,0.01043,0.00864,0.00024,0.00702,0.01885,0.00290,0.00598,16.37209,15.91188,9.22029,18.25286,17.71227,18.83830,18.98763,30.99931,31.29424,28.08098,33.76343,31.05897,35.13669,34.85099,1.35634,2.29712,1.80361,1.78368,1.19830,1.69210,1.55471
4/21/2022,20.37715,1.32000,0.00000,4.00000,0,-1.75295,"10,502,750",0.34198,-0.0373,-0.0129,-0.05155,-0.02239,-0.03232,0.00684,-0.03307,0.01162,0.00770,0.00026,0.00748,0.02091,0.00341,0.00733,16.48054,15.79683,9.32367,18.31669,17.81590,19.00179,19.19218,30.97190,31.30202,28.02660,33.75729,31.02070,35.14289,34.82197,1.31630,2.26741,1.71184,1.76475,1.16628,1.70259,1.50404
4/22/2022,20.43412,-2.73000,3.00000,3.64000,"300,000",-1.84852,"10,533,324",0.04224,-0.0097,-0.0038,0.02043,-0.01021,-0.01824,-0.00110,-0.00375,0.01157,0.00999,0.00035,0.00697,0.01298,0.00284,0.00927,16.47657,16.05689,9.60912,18.24583,17.33915,18.81867,19.42690,30.94208,31.29757,28.04844,33.75657,30.99962,35.15996,34.82773,1.29105,2.23135,1.75619,1.74737,1.14649,1.70599,1.49160
4/25/2022,20.28714,-3.52000,18.00000,3.49000,"-350,000",-2.48949,"10,563,662",0.56728,-0.0353,-0.0080,-0.04026,-0.03785,-0.02346,-0.06173,-0.04246,0.00852,0.00603,0.00026,0.00752,0.01364,0.00348,0.00662,16.17049,15.55229,9.31470,18.32167,17.38902,19.02213,19.09646,30.88932,31.24420,27.99618,33.69414,30.94565,35.10708,34.80400,1.23486,2.17177,1.68260,1.68869,1.11112,1.60497,1.42763
4/26/2022,20.27291,2.76000,-13.00000,3.60000,"-100,000",-2.77148,"10,571,932",0.44457,0.0287,0.0005,0.01599,0.01755,0.03406,0.02166,0.02772,0.00998,0.00686,0.00018,0.00727,0.01330,0.00322,0.00657,16.32868,15.68136,8.94898,18.28948,17.36332,18.94363,19.09073,30.89546,31.24904,28.01888,33.72226,30.99686,35.12635,34.83312,1.25484,2.18878,1.69889,1.71799,1.14872,1.63752,1.46412
4/27/2022,19.93367,-0.20000,-5.00000,3.67000,0,-2.44333,"10,620,363",0.05029,0.0212,0.0031,0.00824,0.01999,0.04131,0.01147,0.02580,0.00654,0.00626,0.00010,0.00561,0.01117,0.00178,0.00555,15.90552,15.58938,8.31874,18.03027,17.18925,18.35273,18.92222,30.91979,31.26781,28.02777,33.73816,31.03722,35.13447,34.84044,1.27969,2.18877,1.71633,1.73960,1.19890,1.65788,1.49884
4/28/2022,19.88050,2.33000,-9.00000,3.64000,"-100,000",-2.10828,"10,631,676",0.51699,0.0080,0.0062,0.01194,0.00715,-0.00167,-0.00367,0.00878,0.00618,0.00657,0.00024,0.00457,0.00770,0.00162,0.00584,15.84929,15.63761,9.25913,17.82527,16.81664,18.25689,18.97460,30.92319,31.27901,28.02229,33.73570,31.02677,35.13126,34.84342,1.28867,2.19965,1.74075,1.74241,1.19656,1.65161,1.50715
4/29/2022,20.03786,-0.64000,7.50000,4.29000,"200,000",-1.12692,"10,638,792",0.49084,0.0215,0.0169,0.00908,0.01770,0.02399,0.02023,0.02115,0.00755,0.00731,0.00011,0.00563,0.01068,0.00248,0.00530,16.04872,15.74493,8.49699,18.03342,17.14392,18.68437,18.88250,30.94456,31.30625,28.03354,33.73957,31.04829,35.14116,34.86392,1.31529,2.24816,1.75637,1.76147,1.21924,1.68629,1.53872
5/4/2022,19.97961,3.41000,2.50000,3.94000,"-250,000",-0.45205,"10,659,518",0.34399,-0.0119,0.0033,-0.00362,-0.00750,-0.00929,-0.02057,-0.01000,0.00606,0.00669,0.00021,0.00581,0.00855,0.00195,0.00538,15.82913,15.65573,9.11603,18.06564,16.92223,18.44487,18.89766,30.93366,31.30130,28.02943,33.72679,31.03629,35.12009,34.85172,1.30255,2.25213,1.74823,1.74969,1.20511,1.65399,1.51723
5/5/2022,19.99942,0.85000,-11.00000,3.71000,"400,000",-0.77109,"10,662,606",0.42043,-0.0048,-0.0072,0.02379,-0.00729,-0.01958,0.00026,-0.00931,0.00544,0.00843,0.00015,0.00643,0.00879,0.00209,0.00541,15.72231,15.88729,8.74830,18.16637,16.94974,18.51337,18.90233,30.92095,31.31205,28.06046,33.73204,31.01923,35.13120,34.86608,1.29411,2.23826,1.78245,1.73802,1.18470,1.65281,1.50496
5/6/2022,19.98716,2.06000,0.00000,3.80000,"-150,000",-1.34708,"10,666,911",0.38824,-0.0268,-0.0229,-0.01578,-0.01940,-0.01659,-0.04186,-0.03358,0.00728,0.00505,0.00017,0.00674,0.00863,0.00247,0.00468,16.01252,15.37557,8.86785,18.21337,16.93148,18.68041,18.75756,30.88401,31.25835,28.03827,33.71614,30.99464,35.09913,34.84949,1.25644,2.18233,1.75919,1.70804,1.15987,1.58704,1.45625
5/9/2022,20.20154,-7.93000,-5.00000,3.76000,"200,000",-1.49114,"10,676,344",0.26755,-0.0524,-0.0425,0.02638,-0.04276,-0.04025,-0.06030,-0.05389,0.00754,0.00601,0.00010,0.00658,0.01225,0.00360,0.00533,16.04832,15.54810,8.41183,18.18930,17.28150,19.05690,18.88742,30.81520,31.19624,28.07231,33.66646,30.93470,35.04652,34.81546,1.18535,2.07237,1.79973,1.64785,1.11376,1.49449,1.38186
5/10/2022,20.16777,-3.79000,-9.00000,3.93000,"-125,000",-1.12748,"10,678,519",0.32991,0.0112,-0.0069,0.01862,0.00137,0.03599,0.01693,0.01043,0.00729,0.00805,0.00024,0.00678,0.00976,0.00298,0.00613,16.01468,15.84043,9.24956,18.22013,17.05429,18.86551,19.02829,30.81969,31.17344,28.09809,33.68514,30.96690,35.06856,34.83670,1.19372,2.04326,1.82731,1.64122,1.15121,1.52550,1.39429
5/11/2022,19.67885,5.98000,109.00000,3.80000,"-325,000",-0.96457,"10,681,374",0.32186,0.0012,0.0107,0.01844,0.00957,0.00908,0.00432,0.02162,0.00428,0.00395,0.00021,0.00388,0.00660,0.00160,0.00434,15.48159,15.12786,9.08251,17.66154,16.66250,18.24777,18.68309,30.80554,31.16339,28.12507,33.68333,30.97128,35.07774,34.84954,1.18881,2.05541,1.85539,1.65402,1.16267,1.53322,1.42221
5/12/2022,19.99931,0.30000,46.00000,3.98000,"350,000",-0.79750,"10,684,132",0.49687,-0.0501,-0.0200,-0.02321,-0.03095,-0.05501,-0.06122,-0.04881,0.00564,0.00557,0.00012,0.00571,0.00844,0.00287,0.00446,15.75692,15.47216,8.57546,18.04906,16.90930,18.82857,18.71100,30.73857,31.10672,28.09034,33.64697,30.90840,35.01867,34.80994,1.12720,1.98760,1.81535,1.61370,1.10140,1.44435,1.35821
5/13/2022,20.36261,3.28000,-10.00000,3.81000,"-100,000",-0.75224,"10,690,631",0.30979,-0.0545,-0.0376,-0.04846,-0.04395,-0.04927,-0.05586,-0.05380,0.00947,0.00709,0.00040,0.00893,0.01400,0.00414,0.00637,16.27635,15.71348,9.74097,18.49632,17.41506,19.19611,19.06664,30.67402,31.04830,28.04987,33.60848,30.84537,34.96239,34.77645,1.06748,1.90053,1.72292,1.55899,1.04943,1.36764,1.29021
5/16/2022,20.06584,2.73000,9.00000,3.64000,"-850,000",-0.85553,"10,696,790",0.17702,0.0016,-0.0055,0.06554,-0.00239,0.00058,0.00138,-0.00773,0.00660,0.00537,0.00017,0.00705,0.00865,0.00316,0.00447,15.91547,15.43603,8.92266,18.25957,16.93335,18.92401,18.71277,30.64940,31.00436,28.11326,33.59811,30.84664,34.96741,34.75953,1.05932,1.90032,1.83436,1.55491,1.05730,1.36881,1.27660
5/17/2022,20.05201,-1.26000,25.00000,4.01000,"-250,000",0.23598,"10,698,340",0.23134,0.0503,0.0248,0.03862,0.03708,0.04727,0.05999,0.04997,0.00631,0.00567,0.00023,0.00706,0.00838,0.00290,0.00479,15.87021,15.48965,9.20029,18.26076,16.90118,18.84100,18.78062,30.69635,31.05600,28.15336,33.64468,30.90652,35.01968,34.79217,1.10777,1.95670,1.89819,1.59917,1.10633,1.44448,1.33462
5/18/2022,19.99397,-3.53000,19.00000,4.07000,0,0.75779,"10,700,125",0.23737,0.0180,0.0131,-0.04459,0.00542,0.01150,0.01595,0.00852,0.00542,0.00554,0.00046,0.00519,0.00894,0.00311,0.00459,15.71830,15.46730,9.89848,17.95339,16.96618,18.90927,18.73901,30.72254,31.09573,28.10696,33.64210,30.92515,35.02761,34.80000,1.12932,1.97985,1.82003,1.60296,1.11810,1.45663,1.34857
5/19/2022,19.88785,2.12000,1.00000,4.07000,0,-0.01415,"10,701,956",0.31784,-0.0082,0.0108,-0.00493,-0.00233,-0.00703,0.00181,-0.00248,0.00403,0.00454,0.00041,0.00458,0.00692,0.00281,0.00381,15.42190,15.26743,9.77565,17.82861,16.71081,18.80700,18.55145,30.72391,31.12471,28.09894,33.64006,30.92152,35.02477,34.80054,1.12880,1.99510,1.82102,1.59976,1.11249,1.45317,1.34796
5/20/2022,19.88753,1.24000,20.00000,3.77000,"250,000",-0.48741,"10,704,684",0.18507,0.0151,0.0093,0.02361,0.00098,0.00654,0.00432,0.01162,0.00490,0.00540,0.00015,0.00498,0.01131,0.00226,0.00447,15.61681,15.44124,8.79482,17.91309,17.20133,18.59075,18.71151,30.73780,31.14426,28.13148,33.63328,30.92145,35.02400,34.80328,1.14426,1.99020,1.85903,1.59996,1.11752,1.46329,1.36212
5/23/2022,19.94889,0.64000,10.00000,3.73000,"400,000",-1.00009,"10,709,047",0.06638,-0.0139,-0.0064,-0.01208,-0.00887,-0.00339,-0.02943,-0.01609,0.00518,0.00512,0.00021,0.00445,0.00939,0.00295,0.00448,15.67309,15.38876,9.08251,17.80075,17.01528,18.85815,18.71477,30.72829,31.11874,28.13360,33.61608,30.91957,34.99800,34.78856,1.13200,1.99425,1.82678,1.58739,1.11316,1.42232,1.33660
5/24/2022,19.92294,0.11000,40.00000,3.92000,"50,000",-1.20155,"10,710,226",0.10259,-0.0145,0.0037,0.00926,-0.00549,0.00467,0.01656,0.00294,0.00501,0.00409,0.00050,0.00750,0.00914,0.00259,0.00365,15.64022,15.16413,9.97115,18.32210,16.98878,18.72536,18.50983,30.73578,31.13824,28.14834,33.60007,30.92917,35.01675,34.79767,1.12344,2.00460,1.84356,1.58191,1.12319,1.44214,1.34233
5/25/2022,20.18081,0.52000,-20.00000,3.83000,0,-0.44774,"10,711,549",0.10863,0.0305,0.0172,0.00537,0.01893,0.03762,0.03778,0.02837,0.00622,0.00629,0.00026,0.00847,0.00895,0.00297,0.00572,15.85507,15.59344,9.32367,18.44319,16.96746,18.86425,18.95971,30.77915,31.18001,28.15482,33.61221,30.97450,35.04942,34.81836,1.15644,2.04199,1.85452,1.60777,1.16840,1.49451,1.38127
5/26/2022,19.97904,2.79000,15.00000,3.93000,"-950,000",0.31395,"10,712,893",0.09052,0.0030,0.0004,0.02386,0.01044,-0.00565,0.00898,0.00377,0.00646,0.00962,0.00026,0.00580,0.00793,0.00268,0.00431,15.89410,16.01909,9.32367,18.06396,16.87086,18.75993,18.67532,30.78600,31.18566,28.16434,33.61997,31.04875,35.04763,34.82105,1.15859,2.05841,1.89138,1.61586,1.16031,1.50603,1.38709
5/27/2022,20.10500,1.11000,-10.00000,3.82000,"400,000",1.38785,"10,714,168",0.07845,0.0176,0.0151,0.00105,0.00476,0.01201,0.01057,0.00704,0.00765,0.00573,0.00031,0.00659,0.01063,0.00260,0.00544,16.06258,15.50015,9.48037,18.19248,17.16462,18.72870,18.90964,30.81419,31.20047,28.16663,33.63187,31.06935,35.05981,34.83357,1.18328,2.08945,1.89304,1.61919,1.16945,1.52492,1.39754
5/30/2022,19.94354,2.09000,-19.00000,3.52000,"-100,000",1.78206,"10,717,411",0.04828,0.0163,0.0035,0.01742,0.00989,0.01344,0.00949,0.01129,0.00640,0.00544,0.00039,0.00543,0.00602,0.00241,0.00481,15.88459,15.44904,9.72913,17.99959,16.59506,18.65584,18.78618,30.81787,31.20725,28.19140,33.63281,31.07061,35.06830,34.84187,1.19974,2.07985,1.92710,1.63013,1.18089,1.54002,1.40908
5/31/2022,20.04307,-1.59000,9.00000,3.80000,"-100,000",1.58518,"10,718,529",0.00805,-0.0002,-0.0050,0.01219,-0.00123,-0.01967,-0.01068,-0.00521,0.00618,0.00687,0.00035,0.00585,0.00787,0.00240,0.00537,15.84967,15.68267,9.62245,18.07395,16.86311,18.65894,18.89711,30.81467,31.18512,28.20255,33.62086,31.04672,35.07157,34.84339,1.19984,2.06865,1.95400,1.62764,1.15375,1.52458,1.40032
6/1/2022,19.96883,-0.48000,11.00000,3.80000,0,1.98873,"10,719,539",0.02213,-0.0092,0.0115,-0.01227,-0.00582,0.00228,-0.00588,-0.00419,0.00756,0.00417,0.00028,0.00618,0.00818,0.00203,0.00438,16.05038,15.18298,9.40919,18.12788,16.90187,18.49201,18.69303,30.81346,31.20587,28.19364,33.61738,31.06023,35.07173,34.84684,1.19088,2.08948,1.92444,1.62063,1.15950,1.51544,1.39666
6/2/2022,20.01099,2.26000,-3.00000,4.15000,"300,000",2.61895,"10,720,586",0.27559,-0.0116,0.0100,-0.02035,-0.00208,-0.02235,-0.00885,-0.01266,0.00677,0.00518,0.00048,0.00647,0.00830,0.00249,0.00483,15.94004,15.39940,9.93305,18.17355,16.91653,18.69665,18.79118,30.81828,31.22894,28.18432,33.60730,31.03257,35.06012,34.83881,1.18735,2.11150,1.89167,1.62336,1.13057,1.50117,1.38176
6/3/2022,19.81974,3.18000,-6.00000,3.95000,"250,000",2.43674,"10,722,794",0.01609,-0.0085,-0.0096,-0.02507,-0.00252,-0.01379,-0.00476,-0.00926,0.00483,0.00358,0.00016,0.00481,0.00841,0.00182,0.00409,15.60343,15.03182,8.83928,17.88278,16.93059,18.38555,18.62569,30.81254,31.21844,28.14415,33.61852,31.01415,35.05291,34.83625,1.17489,2.10075,1.84117,1.62166,1.10974,1.49781,1.37485
6/6/2022,20.05472,-1.68000,-7.00000,4.25000,"-100,000",1.60181,"10,725,399",0.55722,-0.0179,-0.0162,0.04739,-0.00730,-0.01797,-0.00855,-0.02140,0.00625,0.00700,0.00088,0.00487,0.00859,0.00213,0.00541,15.86050,15.70126,10.53742,17.89522,16.95087,18.53980,18.90628,30.80750,31.21502,28.19918,33.61942,30.99378,35.05315,34.82619,1.15979,2.08463,1.93276,1.61568,1.08689,1.48863,1.34816
6/7/2022,20.18095,0.87000,5.00000,4.13000,"-150,000",1.14476,"10,726,205",0.61958,-0.0070,0.0070,-0.00202,-0.00532,0.01245,-0.00540,-0.01906,0.00736,0.00843,0.00038,0.00606,0.01060,0.00232,0.00590,16.02432,15.88739,9.68657,18.11337,17.16124,18.62897,18.99371,30.80572,31.22962,28.19628,33.62197,31.01633,35.05075,34.82018,1.15780,2.12060,1.92861,1.61026,1.10172,1.48285,1.32953
6/8/2022,20.04472,2.87000,2.00000,4.23000,"300,000",1.43025,"10,727,165",0.60550,0.0166,0.0165,0.02693,0.02256,0.03514,0.02955,0.03206,0.00599,0.00635,0.00025,0.00614,0.00929,0.00264,0.00376,15.81761,15.60428,9.27800,18.12641,17.02947,18.75495,18.54345,30.83275,31.27946,28.23031,33.62757,31.05331,35.06790,34.83134,1.17982,2.15799,1.98575,1.63729,1.14129,1.51746,1.36688
6/9/2022,19.81963,-0.99000,-32.00000,3.78000,"-50,000",1.59068,"10,728,078",0.55320,0.0181,0.0103,-0.03091,0.00457,-0.01069,-0.00021,0.00647,0.00483,0.00630,0.00050,0.00646,0.00534,0.00171,0.00351,15.60244,15.59523,9.96646,18.17712,16.47651,18.32456,18.47410,30.83843,31.31401,28.19433,33.63549,31.04295,35.06310,34.83339,1.19155,2.18918,1.91533,1.63894,1.12664,1.51564,1.37464
6/10/2022,20.09199,-1.17000,22.00000,4.16000,"-100,000",1.62313,"10,728,880",0.62360,-0.0237,-0.0044,-0.01319,-0.01088,-0.02655,-0.02311,-0.02067,0.00678,0.00765,0.00030,0.00662,0.00979,0.00221,0.00491,15.94229,15.79052,9.47270,18.20515,17.08219,18.57808,18.80985,30.80380,31.30461,28.17601,33.62889,31.00533,35.05048,34.82505,1.15586,2.18157,1.88792,1.62429,1.09629,1.48191,1.35194
6/13/2022,20.29767,0.15000,18.00000,4.09000,"-250,000",1.25318,"10,731,945",0.49285,-0.0458,-0.0235,0.03931,-0.04119,-0.05516,-0.05849,-0.05130,0.00851,0.00773,0.00050,0.00708,0.01393,0.00323,0.00546,16.16853,15.79989,9.98045,18.27286,17.43462,18.95930,18.91520,30.74174,31.28096,28.22355,33.58116,30.93940,34.99937,34.78791,1.10123,2.11938,1.96948,1.56584,1.03585,1.39877,1.28833
6/14/2022,20.00761,-1.42000,15.00000,3.96000,"-950,000",0.31989,"10,732,562",0.57331,-0.0215,-0.0020,0.01310,-0.01084,-0.01209,-0.01810,-0.01484,0.00611,0.00725,0.00031,0.00674,0.00856,0.00243,0.00398,15.84433,15.73637,9.48037,18.22590,16.94781,18.67349,18.59915,30.72036,31.31362,28.24383,33.56515,30.92719,34.99740,34.78866,1.07499,2.12887,1.99672,1.55585,1.02817,1.38239,1.27639
6/15/2022,20.20429,-2.14000,20.00000,4.26000,"-50,000",-0.51461,"10,733,418",0.58538,-0.0371,-0.0058,-0.01488,-0.02678,-0.03772,-0.03003,-0.03220,0.00901,0.00837,0.00034,0.00751,0.00878,0.00328,0.00556,16.23155,15.87961,9.58878,18.33440,16.97351,18.97278,18.93316,30.69630,31.34502,28.22800,33.55029,30.89725,34.98318,34.77920,1.04496,2.14001,1.96267,1.52899,0.99726,1.35030,1.24383
6/16/2022,20.00768,0.00000,2.00000,3.86000,"250,000",-0.87887,"10,734,284",0.54113,0.0073,0.0068,-0.01718,0.00537,0.00135,-0.00099,-0.00545,0.00484,0.00631,0.00050,0.00585,0.00677,0.00248,0.00419,15.61133,15.59811,9.98045,18.08576,16.71332,18.70811,18.65061,30.71159,31.34659,28.20465,33.57575,30.90035,35.00680,34.78781,1.05603,2.16492,1.92546,1.53881,0.99704,1.35469,1.24746
6/17/2022,20.27992,-5.61000,-12.00000,4.22000,"200,000",-1.27963,"10,735,058",0.15087,-0.0335,-0.0055,0.02564,-0.02527,-0.02948,-0.04225,-0.03783,0.00780,0.00830,0.00058,0.00811,0.01052,0.00335,0.00566,16.08808,15.91285,10.12663,18.41137,17.15414,19.00553,18.95110,30.68935,31.44597,28.23522,33.55907,30.84748,34.96832,34.77647,1.03136,2.18266,1.98011,1.51327,0.96712,1.30513,1.21134
6/20/2022,20.17422,0.70000,10.00000,3.86000,"-50,000",-1.81254,"10,737,773",0.46469,-0.0450,-0.0295,-0.01399,-0.03181,-0.02536,-0.04061,-0.04176,0.00806,0.00705,0.00027,0.00804,0.01046,0.00296,0.00474,16.12124,15.75004,9.35876,18.40355,17.14797,18.88435,18.77518,30.63991,31.40994,28.21527,33.51754,30.83337,34.93966,34.75080,0.98838,2.13433,1.94971,1.47910,0.95042,1.25656,1.16627
6/21/2022,20.16275,0.18000,-4.00000,4.64000,"50,000",-2.25735,"10,738,294",0.52906,-0.0421,-0.0049,-0.04503,-0.01646,-0.00152,-0.00210,-0.02026,0.00677,0.00613,0.00035,0.00806,0.00717,0.00263,0.00539,15.94674,15.60985,9.60912,18.40580,16.77109,18.76537,18.90295,30.60131,31.38682,28.15911,33.50825,30.84851,34.94834,34.73909,0.95079,2.09409,1.85801,1.46600,0.95957,1.25400,1.14082
6/22/2022,20.00456,-4.74000,9.00000,4.45000,"-100,000",-1.94923,"10,739,042",0.61556,0.0123,-0.0073,-0.02018,0.01389,0.00899,0.03474,0.02490,0.00709,0.00715,0.00030,0.00512,0.00899,0.00241,0.00396,15.99256,15.76330,9.46498,17.95095,16.99725,18.67793,18.59543,30.58342,31.36976,28.12446,33.52133,30.85837,34.96754,34.74058,0.94243,2.06273,1.81996,1.47248,0.97091,1.28215,1.15978
6/23/2022,19.66000,-0.87000,9.00000,4.26000,0,-1.60579,"10,739,988",0.52705,0.0199,0.0247,-0.01946,0.01597,0.01843,0.02302,0.02541,0.00361,0.00552,0.00017,0.00291,0.00764,0.00200,0.00301,15.31850,15.50402,8.89563,17.38593,16.83393,18.48911,18.34423,30.62049,31.42313,28.08950,33.52999,30.87910,34.98546,34.78446,0.96508,2.11593,1.78355,1.48718,0.98524,1.31096,1.18416
6/24/2022,19.71331,2.36000,3.00000,4.38000,"-50,000",-1.49385,"10,740,728",0.20720,0.0060,0.0058,-0.03012,0.00758,0.00112,0.00483,0.00486,0.00390,0.00602,0.00017,0.00453,0.00624,0.00195,0.00363,15.39542,15.59172,8.88184,17.83025,16.63113,18.47185,18.53107,30.62950,31.42983,28.04797,33.53769,30.87788,34.98589,34.78277,0.96934,2.11687,1.72890,1.49563,0.97921,1.31740,1.18665
6/27/2022,19.80220,2.52000,-2.00000,4.41000,"100,000",-0.95277,"10,743,581",0.49486,0.0287,0.0063,-0.00674,0.01217,0.02564,0.03128,0.01935,0.00394,0.00560,0.00013,0.00532,0.01049,0.00229,0.00309,15.40601,15.51862,8.59415,17.98935,17.15103,18.63744,18.37201,30.66099,31.43451,28.06197,33.56563,30.92519,35.00137,34.79494,0.99602,2.13415,1.71457,1.51007,1.01225,1.35465,1.20719
6/28/2022,20.01798,2.68000,10.00000,4.25000,"-50,000",-0.65276,"10,744,218",0.53509,0.0076,0.0086,0.03392,0.01261,0.01591,0.02172,0.01940,0.00474,0.00676,0.00004,0.00422,0.00924,0.00320,0.00358,15.59415,15.70743,7.49554,17.86288,17.02450,18.97311,18.52393,30.66706,31.44873,28.08520,33.64084,30.93288,35.03252,34.80215,0.99945,2.15814,1.76844,1.52182,1.02470,1.38720,1.22385
6/29/2022,19.99949,-1.87000,10.00000,4.10000,"150,000",-0.54850,"10,744,987",0.54314,-0.0024,-0.0090,-0.01717,-0.00408,-0.00087,0.00086,-0.00373,0.00587,0.00556,0.00002,0.00433,0.00728,0.00243,0.00564,15.80840,15.51188,6.90776,17.88799,16.78578,18.69744,18.98023,30.65312,31.43638,28.05886,33.63815,30.92630,35.03367,34.79964,0.99189,2.13807,1.73953,1.51569,1.02175,1.38686,1.21990
6/30/2022,19.90834,-3.23000,-10.00000,4.10000,"150,000",-0.53470,"10,745,764",,-0.0100,-0.0101,-0.03065,-0.01285,-0.01979,-0.02974,-0.02558,0.00509,0.00409,0.00031,0.00473,0.00872,0.00255,0.00404,15.66540,15.20405,9.49552,17.97708,16.96675,18.74472,18.64586,30.64175,31.43084,28.01697,33.62485,30.89608,35.00903,34.78891,0.98434,2.12843,1.68587,1.50269,1.00194,1.35344,1.19633
